,Unnamed: 0,PDB,HeavyChain,h3_len
0,0,7o0s.pdb,QVQLQESGGGLVQAGGSLNLSCVASGSSHFNSMGWYRQAPGKQRDLVADISNDGVTNYADSVKDRFTISTNNAKNAVYLQMNNLKPEDTAVYYCNAVAVAGRAFSYWGQGTQVTVSS,12
1,1,7kdm.pdb,QVQLAESGGGLVQAGGSLRLSCAASGRTFSDYAMGWFRQAPGKERDFVAGITSSGGGTYYADSVKGRFTITRDNYKNTLYLQMDSLKPEDTAVYYCKGTADGSSSLGYLEVWGQGTLVTVSS,15
2,2,7ri1.pdb,EVQLVESGGGLVQAGGFLRLSCELRGSIFNQYAMAWFRQAPGKEREFVAGMGAVPHYGEFVKGRFTISRDNAKSTVYLQMSSLKPEDTAIYFCARSKSTYISYNSNGYDYWGRGTQVTVSS,17
3,3,7cz0.pdb,QVQLVESGGGLVQAGGSLRLSCAASGFPVDTQWMHWYRQAPGKEREWVAAISSTGRSTFYADSVKGRFTISRDNAKNTVYLQMNSLKPEDTAVYYCTVYVGNRYRGQGTQVTVSA,8
4,4,7na9.pdb,QVQLVESGGGLVQTGGSLRLSCAASGRTFRRNTMGWFRQAPGKVREFVAAISWSGDRTYCADSVKGRFTISRDNAKNTVDLLMNSLKPEDTAIYYCAADGTASVFNSYASADRNKYNYWGQGTQVTVSS,22
5,5,7aqy.pdb,QVQLQESGGGLVQAGGSLTLSCAVSGLTFSNYAMGWFRQAPGKEREFVAAITWDGGNTYYTDSVKGRFTISRDNAKNTVFLQMNSLKPEDTAVYYCAAKLLGSSRYELALAGYDYWGQGTQVTVSS,19
6,6,7djx.pdb,QVQLVESGGGLVQAGGSLRLSCAASGRTFSSYAMGWFRQAPGKERECVAAMDWSTSATYYADSVKGRFTISRDNAKNTVYLQMNSLKPEDTAVYYCAADLDYSDYGPFPGDMDYWGKGTQVTVSS,18
7,7,7r63.pdb,QVQLQESGGGLVQTGGSLRLSCKASGRAFARYDLAWSRQAPGKQREFVASIGVTRNPPYYSGSVKGRFTVSRDNAKETVYLQMNDLKPEDSAVYYCAAKDASVTVATIEDYPYWGRGTQVTVSS,17
8,8,7w1s.pdb,QLQLVESGGGLVQAGGSMRLSCAASISFSSFPMGWHRQAPGKQRELVAKTGIGGTAYDDSVKGRFTISRDNTKNTVYLQMNSLKVEDTAVYYCWGWRMNDYWGQGTQVTVSS,8
9,9,7x7d.pdb,QVQLVESGGNLVQPGGSLRLSCAASGGTLASFAVGWFRQAPGKEREGVSCIDVINRANYADSVKGRFTISRDSAKNTVYLQMNSLEPEDTAVYSCAAHFVPPGSRLRGCLVNELYNYWGQGTQVTVSS,22
10,10,7o31.pdb,QVQLQESGGGLVQPGGSLRLSCAASGRTISRYAMSWFRQAPGKEREFVAVARRSGDGAFYADSVQGRFTVSRDDAKNTVYLQMNSLKPEDTAVYYCAIDSDTFYSGSYDYWGQGTQVTVSA,14
11,11,7qbf.pdb,QWQLVESGGGLVQPGGSLRLSCAASGSTFSSYAMGWYRQAPGKECELVAAISRAGGSTNYADSVKGRFTISRDNAKNTVYLQMNSLKPEDTAVYYCNAAAEGETGSNWSLCEEYDYWGKGTRVTVSS,20
12,12,7n4n.pdb,QVQLQESGGGLVQPGGSLRLSCAASGFTFSSAIMTWVRQAPGKGREWVSTIGSDGSITTYADSVKGRFTISRDNARNTLYLQMNSLKPEDTAVYYCTSAGRRGPGTQVTVSS,5
13,13,7r73.pdb,AVQLQESGGGLVQAGGSLRLSCTVSARTSSSHDMGWFRQAPGKEREFVAAISWSGGTTNYVDSVKGRFDISKDNAKNAVYLQMNSLKPEDTAVYYCAAKWRPLRYSDNPSNSDYNYWGQGTQVTVSS,20
14,14,7apj.pdb,QVQLVESGGGLVQAGGSLRLSCAASGIDVRIKTMAWYRQAPGKQRELLASVLVSGSTNYADPVKGRFTISRDNAKNTVYLQMNKLIPDDTAVYYCNTYGRLRRDVWGPGTQVTVSS,10
15,15,7q6c.pdb,QVQLQESGGGLVQPGGSLRLSCAASGRTISRYAMSWFRQAPGKEREFVAVARRSGDGAFYADSVQGRFTVSRDDAKNTVYLQMNSLKPEDTAVYYCAIDSDTFYSGSYDYWGQGTQVTVSS,14
16,16,7zmm.pdb,QVQLQENGGGCVQAGGSLRLSCAASGSIFSINRMGWYRQAPGKQRELVAAITSGGSTNYAYSVKGRFTISRDNAKNTVYLQMNSLKPEDTAIYYCEAYGTYTLAPTGEGEYDDYWGQGTQVTVSA,19
17,17,7dv4.pdb,EVQLVESGGGLIQPGGSLRLSCAVSGFTVSKNYMSWVRQAPGKGLEWVSVVYSGGSKTYADSVKGRFTISRDNSKNTLYLQMNSLRAEDTAVYYCARAVPHSPSSFDIWGQGTMVTVSS,13
18,18,7kd2.pdb,QVQLVETGGGLVQPGGSLKLSCAASGSISSPNVMGWYRQAPGKQRELVATMTSGGNTYSEDSVKGRFTISRDNAKNTVYLQMNSLKPEDTAVYYCNARDMWDRSHEYWGQGTQVTVSS,12
19,19,7zmv.pdb,QVQLVENGGGCVKAGGSLRLSCAASGSIFSINRMTWYRQAPGKEREWVAAITSGGSTNYADSVKGRFTISRDNAENTVYLQMNSLKPEDTAVYYCEAYGTYTLAPTGEGEYDDYWGQGTQVMVS,19
20,20,7omt.pdb,QVQLVESGGGLVQPGGSLRLSCAASGFPVKYEHMYWYRQAPGKEREWVAAINSAGNETHYADSVKGRFTISRDNAKNTVYLQMNSLKPEDTAVYYCNVKDIGWWAAYDYWGQGTQVTVPP,13
21,21,7nqa.pdb,QVQLVESGGGLAKPGGSLRLSCVATGTFRSMEDVGWYRQAPGKDRELVAEITTLGKVTYADSVKGRFTISRDDAKNAVYLQMSDLKSEDTAVYYCNIEADQTKGIGYVVYPYWGQGTRVTVSS,17
22,22,8cwu.pdb,HVQLVESGGGLVQAGGSLRLSCAAPGRTFSTSAMGWFRQAPGKEREFVAAIDWSNTNIHYADTVKGRFTISTDTAKNTVYLQMNNLKPEDTAVYYCAQGGWGLTQPISVDYWGKGTQVTVSS,15
23,23,7om5.pdb,QVQLQESGGGSVQAGGSLKLSCAASGRSFSTYAMGWFRQAPGQDREFVATISWTDSTDYADSVKGRFTISRDNAKNTGYLQMNSLKPEDTAVYYCAADRWASSRRNVDYDYWGQGTQVTVSS,16
24,24,7qiv.pdb,QVQLVETGGGLVQAGGSLRLSCAASGSIFSINAMGWFRQAPGKEREFVATINRSGGRTYYADSVKGRFTISRDNGKNMVYLQMHSLKPEDTAIYYCAAGTGWSPQTDNEYNYWGQGTQVTVSS,16
25,25,7ndf.pdb,QMQLVESGGGLVQAGGSLRLSCAVSGSIFSIITLAWYRQAPGKPRENVATITRGSRTSYADSVKGRFTISKDNAKSTVYLQMNKLKPEDTADYYCNAEGPAGYWGQGTPVTVS,8
26,26,7ri2.pdb,AVQLQESGGGLVQAGGSLRLSCTASGRISSSYDMGWFRQAPGKEREFVAAISWSGGTTDYADSVKGRFAISKDNAKNAVYLQMNSLKPEDTAVYYCAAKWRPLRYSDYPSNSDYYDWGQGTQVTVSS,20
27,27,7aqz.pdb,QVQLQESGGGLVQAGGSLRLSCEASGLTFSNYAMAWFRQAPEKEREFVAGISWTGSRTYYADSVRGRFTTSRDGHKNTVYLQMNDLKPEDTAVYLCAADLLGSGKDGTSVYEYWGQGTQVTVSS,17
28,28,7zms.pdb,QVQLVENGGGCVQATGSLRLSCAASGSIFSINRMTWYRQAPGKEREWVAAITSGGSTNYADSVKGRFTISRDSAKGTVYLQMNSLKPEDTAVYYCEAYGTYTLAPTGEGEYDDYWGQGTQVMVS,19
29,29,7djy.pdb,QVQLVESGGGLVQAGGSLRLSCAASGATFITYGMTWFRQAPGKEREFVAAVTGNGAGTTYLPSVKGRFTISRDNAKNTVYLQMSSLKPEDTAVYYCGGRRWVPATAVDQVAYWGQGTQVTVSS,16
30,30,7s2s.pdb,QVQLQESGGGSVQAGGSLRLSCAASSYTISSVCMGWFRQAPGKEREGVAGIAPDGSTGYGDSVKGRFTISKDNAKNTLYLQMNSLKPEDTAMYYCAAASPGRCFLPRTALEPALYYNWGQGTQVTVSS,22
31,31,7on5.pdb,QVQLVESGGGLVQPGGSLRLSCAASGITLDYYAIGWFRQAPGKEREGVSRIRSSDGSTNYADSVKGRFTMSRDNAKNTVYLQMNSLKPEDTAVYYCAYGPLTKYGSSWYWPYEYDYWGQGTQVTVSS,20
32,32,7vfa.pdb,QVQLQESGGGSVAAGGSLRLSCAVSGVTASSVYMAWFRQAPGKEREGLAGINTVGYTTYADSVKGRFTISKDNSENTLYLQMNSLKPEDIALYYCAATYLLRFASLSATNFPYWGQGTQVTVSS,18
33,33,7xqv.pdb,EVQLQASGGGFVQPGGSLRLSCAASGDTWWSSAMGWFRQAPGKEREFVSAISFYPTEYTYYADSKGRFTISRDNSKNTVYLQMNSLRAEDTATYYCAWIAWGPWMRTSWYWGQGTQVTVSS,14
34,34,7qbg.pdb,QRQLVESGGGLVQPGGSLRLSCAASGFTPGIYDIGWFRQAPGKEREGVSCISSRGSSTNYADSVKGRFIISRDNVKNTVYLQMNSLEPEDTAVYYCAAIYQPSNGCVLRPEYSYWGKGTPVTVSS,18
35,35,7f07.pdb,EVQLVESGGGLVQPGGSLRLSSAISGFSISSTSIDWVRQAPGKGLEWVARISPSSGSTSYADSVKGRFTISADTSKNTVYLQMNSLRAEDTAVYYTGRPLPEMGFFTQIPAMVDYRGQGTLVTVSS,19
36,36,7z1b.pdb,QVQLVESGGGLMQAGGSLRLSCAVSGRTFSTAAMGWFRQAPGKEREFVAAIRWSGGSAYYADSVKGRFTISRDKAKNTVYLQMNSLKYEDTAVYYCAGFSATRSLLSDYATWPYDYWGQGTQVTVSS,20
37,37,7zxu.pdb,QVQLVESGGGLVQPGGSLRLSCAASGFTNDFYSIAWFRQAPGKEREGVSWLSVSDNTPTYVDSVKDRFTISRHNANNTVYLQMNMLKPEDTAIYYCAAGRFAGRDTWPSSYDYWGQGTQVTVSS,17
38,38,7nfq.pdb,QVQLQESGGGLVQPGGSLRLSCAASGFTFKMYAMSWVRQAPGKGLEWVSSINSAGGSTSYVDSVKGRFTISRDNAKNTLYLQMNSLKPDDTAVYYCVQGRNWPYDYRGQGTQVTVSS,10
39,39,7vke.pdb,QVQLVESGGGVVQPGRSLRLSCAASGFTFSSYGMHWVRQAPGKEREWVAVISDDGSNKYYADSVKGRFTISRDNSKNTLYLQMNSLRVEDTAVYYCAKDRGTMRVVVYDTLDIWGQGTLVTVSS,17
40,40,7omn.pdb,EVQLVESGGGLVQPGRSLRLSCAASGFDIAYYSIGWVRRAPGKGEELVARIYPSSSSTSYADSVKGRFTISADTSKNTAYLQMNSLRAEDTAVYYCARWHYDYADWPGGYGMDYWGQGTLVTVSS,18
41,41,7l6v.pdb,QVQLVETGGGLVQAGGSLRLSCTASGADFSFYAMGWYRQTPGNSRELVAVMNLNGVISYGDSARGRFDISRDGTKNIVFLQMNSLKPEDTGVYYCNGMRLYTRGSVRHPESWGQGIQVTVSS,16
42,42,7f5g.pdb,QVQLQESGGGLVQPGGSLRLSCAASGSFFEFGTVGWFRQAPGKQRELVSRITGNDHRYYADSVKGRFTISRDNDETTVYLQMDSLKPEDTAIYHCNILEGQRWSNYWGQGTQVTVSA,11
43,43,7ooi.pdb,EVQLVESGGGLVQPGRSLRLSCAASGFDIDYYSIGWVRRAPGKGEELVARIYPSSSSTSYADSVKGRFTISADTSKNTAYLQMNSLRAEDTAVYYCARWHWAYSAWPGWYGMDYWGQGTLVTVSS,18
44,44,6zwk.pdb,EVQLVESGGGLVQAGDSLRLSCAASGLTFSRYAMGWFRQAPGNEREFVAVITASGRTTLYADSVKGRFTISRDNAKNTVALQMQSLKPEDTAVYYCAADYGTSRYTRRQSEYEYWGQGTQVTVSS,18
45,45,7r98.pdb,EVQLQASGGGLVQAGDSLRLSCVAVSGRTISTFAMGWFRQAPGKEREFVATINWSGSSARYADPVEGRFTISRDDAKNTVYLEMSSLKPGDSAVYYCASGRYLGGITSYSQGDFAPWGQGTQVTVSS,19
46,46,7olz.pdb,QVQLVESGGGLVQAGGSLRLSCAASGRTFSNDALGWFRQAPRKEREFVAAINWNSGTYYADSVKGRFTISRDNAKNTVYLQMNSLKPEDTAVYSCAAASDYGLPREDFLYDYWGQGTQVTVSS,17
47,47,7rby.pdb,DVQLQESGGGLVQPGGSLRLSCAASGLTLDYYAIGWFRQAPGKEREGVSCISSSDGSTYYADSVKGRFTTSRDNAKNTVYLQMNSLKPEDTAVYYCAAVPSTYYSGTYYYTCHPGGMDYWGKGTQVTVSS,23
48,48,7ar0.pdb,QVQLQESGGGLVQAGGSLRLSCAASERTFSSLGMGWFRQGPGKEREFAAAISWSGVSTYYADSVKGRFTISRDNDKNTVYLQMNSLKPDDTAVYYCAATSSWNDMALKSAGWYEYWGQGTQVTVSS,19
49,49,7vnb.pdb,EVQLVESGGGLVQPGGSLRLSCAASDFSFYDYEMSWVRQAPGKALEWIGSMYHSGRTYINPSLKSLVTISRDNSKNTLYLQMNSLRAEDTAMYYCVSNWASGSTGDYWGQGTLVTVSS,12
50,50,7o06.pdb,QVQLQESGGGLVQPGGSLRLSCSASGSSFSINTMGWYRQALGKQRELVANINSGGSTNYIDSVKGRFTISRDNAKNMVYLQMNSLKPEDTAVYFCNAARPLRPEGGRWLNYWGQGTQVTVSS,16
51,51,7np9.pdb,QVQLVETGGGLVQAGGSLRLSCAASGNINSFNAMGWFRQAPGKQRELVAAITFGGRTNYADSVKGRFTISRDNTKGSVYLQMNSLKPEDTAVYYCAASENNLLTGVWHYWGRGTQVTVSS,14
52,52,7kd0.pdb,QVQLVESGGGLVQPGGSLRLSCVASGFTFSSTPMNWFRQAPGKEREFVAGVGSRNDIAYYADSVKGRFTVSRDDAKNTVYLQMNSLKPEDTGVYYCKRPAGRIEDELWGQGTQVTVSS,11
53,53,7vfb.pdb,QVQLQESGGGSVQAGGSLRLSCAVSGYTYSSKCLGWFRQAPGKEREGIATIYTGGGSTYYVDSVKGRFTISQDNAKNTVALQMNSLKPEDTAMYYCAASGAIAGIRLCLPGHTFYTYWGQGTQVTVSS,21
54,54,7z1c.pdb,QVQLVESGGGLVQAGGSLRLACIASGRTFHSYVMAWFRQAPGKEREFVAAISWSSTPTYYGESVKGRFTISRDNAKNTVYLQMNRLKPEDTAVYFCAADRGESYYYTRPTEYEFWGQGTQVTVSS,18
55,55,7r20.pdb,EVQLQESGGGLVQAGGSLRLSCAASGSIFSGNAMGWYRQAPGKQREVVAVISAGNSSNYVDSVKGRFTISRDNAKNTVYLQMNSLKPEDTAVYYCNVVKRGPQWGMEWGKGTLVTVSS,12
56,56,7czd.pdb,EVQLQESGGGLVQPGGSLRLSCAASGFTFSSYWMYWLRQAPGKGLEWVSSINSDSSSTYYRDSVKGRFTISRDNAKNTLYLQMNSLKSEDTAVYYCAKDPGGYAKGQGTQVTVSS,8
57,57,7aqx.pdb,QVQLQESGGGLVQAGGSLRLSCTTSGLTFSNYAFSWFRQAPGEEREFVGAISWSGGRTDYADSVKGRFTISRDNAKNTFYLQMNSLKTEDTAVYYCAADLLGEGSRRSEYEYWGQGTQVTVSS,16
58,58,7zmq.pdb,QVQLVENGGGNVQAGGSLRLSCAASGSIFSINRMTWYRQAPGKEREWVAAITSGGSTNYAYSVKGRFTISRDNAKNTVYLQMNSLKPEDTAVYYCEAYGTYTLAPTGEGEYDDYWGQGTQVTVS,19
59,59,7nfr.pdb,QVQLQESGGGLVQPGGSLRLSCAASGFTFSNYYMSWVRQAPGEGREWVSSINRDGSNTYYADSVKGRFTIARDNVKNTLYLLMDSLKSDDTAVYYCTKGSNWPYDNWGQGTQVTVSS,10
60,60,7lzp.pdb,QVQLVETGGALVQPGQSLTLSCTTSENVFGIYGMAWLRQAPGRQRELVASITSRGTAHYHDSVKGRFTISRESGKTTAYLQTTSVNPEDTAIYYCNSGPYWGQGTQVTVSS,5
61,61,7f5h.pdb,QVQLQESGGGLVQAGGSLRLSCAASGSDFSSSTMGWYRQAPGKQREFVAISSEGSTSYAGSVKGRFTISRDNAKNTVYLQMNSLEPEDTAVYYCNVVDRWYDYWGQGTQVTVSA,9
62,62,7r74.pdb,AVQLVDSGGGLVQAGGSLRLSCVVSGSIFSINAMGWYRQAPGKQRDLVARISGDSSTYYIDSVKGRFTISRDNAANTVYLQMNSLKPEDTAVYYCAARRLPIGDYTDWGQGTQVTVSS,12
63,63,7nx0.pdb,QVQLQESGGGLVQTGGSLRLSCTASGRTFSSLAMGWFRQAPGKEREFVAAISWSTGITDYSDSVKGRFTMSRDNAKSTVYLQMNSLKPEDTAVYYCAAVDRHSPGSAWYNRNFGSWGQGTQVTVSS,19
64,64,7r1z.pdb,EVQLVESGGGLVQAGGSLRLSCAASGRTSGALNVAWYRQATGKEREYVARLWWNDGTTYYSDSVKGRFTISSDNAKKIVYLQMNRLKPDDTAIYYCAVRTPSSQTLYWGQGTQVTVSS,11
65,65,7zml.pdb,QVQLQESGGGLVQAGGSLRLSCAASGSIFSINRMGWYRQAPGKQRELVAAITSGGSTNYAYSVKGRFTISRDNAKNTVYLQMNSLKPEDTAIYYCEAYGTYTLAPTGEGEYDDYWGQGTQVTVSA,19
66,66,7vpy.pdb,QVQLQESGGGLVQAGGSLRLSCVASGRTFSSLNIVWFRQAPGKERKFVAAINDRNTAYAESVKGRFTISRDNAKNTVHLQMNSLKPEDTAVYYCHSADVNGGMDYWGKGTQVTVSS,11
67,67,7m1h.pdb,QVQLVESGGGLVQPGGSLRLSCVVSGSDFNTYIMGWYRQVPGKPRELVADITTEGKTNYGGSVKGRFTISRDNAKNTVYLQMFGLKPEDAGNYVCNADWKMGAWTAGDYGIDYWGKGTLVTVSS,18
68,68,7te8.pdb,EVQLQASGGGFVQPGGSLRLSCAASGSTSRQYDMGWFRQAPGKEREFVSAISSNQDQPPYYADSVKGRFTISRDNSKNTVYLQMNSLRAEDTATYYCAFKQHHANGAYWGQGTQVTVSS,11
69,69,7t5f.pdb,QVQLVESGGGLVQPGGSLRLSCAASGFPFHAYYMSWVRQAPGKGLEWVSHIGNGGIITRYADSVKGRFTISRDNAKNTLYLQMTNLKPEDTALYYCTLGTRDDLGPERGQGTQVTVSS,11
70,70,7s7r.pdb,QVQLQESGGGLVQAGGSLRLSCAASGRTFSSYGMGWFRQAPGTEREFVAAISWSGDSTYYADSVKGRFTISIDKAKNTVYLQMNSLKPEDTAVYYCAADHALVVGGTYNYWGQGTQVTVSS,14
