,pdb,sequence,h3_len
0,7s13,QVQLKESGPGLVQPSQTLSLTCTVSGLSLTNNIVSWIRQPPGKGLEWMGVIWSNGGTDYNSAIKSRLSITRDTSKSQVFLKMNSLQTEDTAMYFCASRDYPGFAYWGQGTLVTVSS:YELIQPPSSSVTLGSTVSLTCVGDELPKRYAYWYQQKPDQSIVRVIYEDSKRPSGISDRFSGSSSGTTATLTIRDAQAEDEADYYCLSTYSDDKLPIFGGGTKLTVL,10
1,7o4y,QVQLQQSGPGLVKPSQTLSLTCAISGDSVSSNSAAWNWIRQSPSRGLEWLGRTYYRSKWYNDYAVSVKSRITINPDTSKNQFSLQLNSVTPEDTAVYYCAREVTGDLEDAFDIWGQGTMVTVSS:DIQMTQSPSSLSASVGDRVTITCRASQTIWSYLNWYQQRPGKAPNLLIYAASSLQSGVPSRFSGRGSGTDFTLTISSLQAEDFATYYCQQSYSIPQTFGQGTKLEIK,14
2,7kkz,EVKLEESGGGLVQPGGSMKLSCVASGITFSNSWMSWVRQSPEKGLEWVAEIRLKAQNYATHYAASVKGRFTISRDDSKSSVYLQMNNLRPEDTGIYYCTTPLGGYFDMDYWGQGTSLTVSS:DIVLTQSPASLAVSLGQRATISCRASESVDIYGISFMNWFQQRPGQPPKLLIYAASNRGSGVPARFSGSGSGTDFSLNIHPMEEDDTAMYFCQQSKEVPWTFGGGTKLEIK,12
3,7s5r,QVQLVQSGPEVKKPGTSVKVSCKASGFTFTSSAMQWVRQARGQRLEWIGWIVVGSGNTNYAQKFQERVTITRDMSTSTAYMELSSLRSEDTAVYYCAAPYCSSTNCYDAFDIWGQGTMVTVSS:EIVLTQSPGTLSLSPGERATLSCRASQSVSSSYLAWYQQKPGQAPRLLIYGASSRATGIPDRFSGSGSGTDFTLTISRLEPEDFAVYYCQQYGSSPWTFGQGTKVEIK,16
4,7qny,EVQLLESGGDLIQPGGSLRLSCAASGVTVSSNYMSWVRQAPGKGLEWVSIIYPGGSTFYADSVKGRFTISRDNSKNTLYLQMHSLRAEDTAVYYCARDLGSGDMDVWGKGTTVTVSS:DIVMTQSPSFLSASVGDRVTITCRASQGISSYLAWYQQKPGKAPKLLIQAASTLQSGVPSRFSGSGSGTEFTLTISSLQPEDFATYYCQQLNSYRYTFGQGTKVEIK,11
5,7lfa,QVQLQQSGAELARPGASVKLSCKASGYTFTSHWMQWLKQRPGQGLEWIGAIYPGDGDTKFTQKFKDKATLTADKSSTTAYMQLSSLASEDSAVYYCARENLYGYYFDYWGQGTTLTVSS:QAVVTQESALTTSPGETVTLTCRSSTGAVTSGNFANWVQEKPDHLFTGLIGGADNRAPGVPARFSGSLIGDKAALIITGAQTEDEAIYFCALWYSDHWVFGGGTKLTVL,12
6,7wkx,QVQLVQSGSELKKPGASVKVSCKASEYIFTNYGMNWVKQAPGQGFEWMGWIDTNTGEPTYAQGFTGRFVFSLDTSVSTAYLQISSLKAEDTATYYCANYGWGYFDYWGQGTTVTVSS:DVVMTQTPPSLPVNPGEPASISCRSSQSLVHSNGYTYLHWYLQKPGQSPQLLIYKVSNHLSGVPDRFSGSGSGTDFTLKISWVEAEDVGVYFCSQSTHVPYTFGGGTKLEIK,10
7,6xsw,EVQLVESGGGLVQPGGSLRLSCAASGYAFTDYWMTWVRQAPGKGLEWVAEISPNSGGTNFNEKFKGRFTISVDNAKNSLYLQMNSLRAEDTAVYYCARGEIRYNWFAYWGQGTLVTVSS:DIQMTQSPSSLSASVGDRVTITCKASQNVGNNIAWYQQKPGKAPKLLIYYASNRYTGVPSRFSGSGYGTDFTLTISSLQPEDFATYYCQRLYNSPFTFGGGTKVEIK,12
8,7ryu,QVQLQESGPGLVKPSETLSLTCAVSGGSISGNYWSWIRQSPGKGLEWIGHINDYSGRTDYNPSLKSRVTISTDTSTNQFFLTLSSVSAADTAVYYCARRDTDFWRGIYVFEFWGQGVLVTVSS:QSVLTQSPSASASLGASVKLTCTLSSGLRSYTIAWYQRQRGQAPRFLLRLDSVGSHTKVDGIPDRFSGSSSGTERYLTISNLQSEDEADYFCQTWTTGIYIFGGGTRLSVL,16
9,7n0x,EVQLVESGGGLVQPGGSLRLSCAASGFTFSNCAMHWVRQAPGKGLEWVAVISYHGSNKYYADYVKGRFTISRDNSKNMLYLQMNNLKLEDTAVYYCAREGGAPSGWALDYWGQGVLVTVSS:SYELTQSPSVSVSPGQPASITCSGDKLGDKYACWYQQKPGQVPVLVIYEDTKRPSGIPERFSGSNSGNTATLTISGVEAGDEADYYCQAWDSITHVVFGGGTRLTVL,14
10,6xm2,EQQLQESGPGLVKPSETLSLTCTVTGFSLSSYTVNWVRQPAGKGLEWIGYISYGGSAYYASWANGRFTISKDSSKNQVSLKLSSVTAADTAVYFCARHMQVGGAPTGSMAAFDPWGPGTLVTVSS:EAVLTQSPGTLSLSPGERATLSCQSSQSVYNNNYLSWFQQKPGQPPRLLIYGASTLTSGVPDRFSGSGSGTDFTLTISRLEPEDFAVYYCAGGYSGSSDKYAFGGGTKVEIK,19
11,7rqp,QVKLVESGGGVVQPGRSLRLSCEASGFIFSTYGMHWVRQAPGKGLEWVAVIWFDGSNIYYADSVKGRFTISRDNSKNTVFMQMDSLRAEDTAVYYCHRNFYDGSGPFDYWGQGTLVTVSS:DIQMTQSPSTLSASVGDRVTITCRASQFISRWLAWYQQKPGKAPKLLIYKASSLESGVPSRFSGSGSETHFTLTISSLQPDDVATYYCQEYTSYGRTFGQGTKVEIK,13
12,7si0,EVQLVESGGGLVQPDGSLRLSCAVSGYSITSGYSWNWIRQAPGKGLEWVASVTYDGSTNYNPSVKGRITISRDDSKNTFYLQMNSLRAEDTAVYYCARGSHYFGHWHFAVWGQGTLVTVSS:DIQLTQSPSSLSASVGDRVTITCRASQSVDSDGDSYMNWYQQKPGKAPKLLIYAASYLESGVPSRFSGSGSGTDFTLTISSLQPEDFATYYCQQSHEDPYTFGQGTKVEIK,14
13,8dcc,QVQLQESGPGLVKPSETLSLTCTVSGYSISSGYYWGWIRQPPGKGLEWIGSIYHSGSTYYNPSLKTRVTISVDTSKNQFSLKLSSVTAADTAVYYCARAVVGIVVVPAAGRRAFDIWGQGTMVTVSS:QSALTQPPSASGSPGQSVTISCTGTSSDVGGYNYVSWYQQHPGKAPKLMIYEVSKRPSGVPDRFSGSKSGNTASLTVSGLQAEDEADYYCSSYAGSNNLVFGGGTKLTVL,20
14,7sem,EVQLVESGGGLVKPGGSLRLSCAASGFTFSSYSMNWVRQAPGKGLEWVSSISASSSYSDYADSAKGRFTISRDNAKTSLFLQMNSLRAEDTAIYFCARARATGYSSITPYFDIWGQGTLVTVSS:QSVVTQPPSVSGAPGQRVTISCTGSSSNIGAGYDVHWYQQLPGTAPKLLIYDNNNRPSGVPDRFSASKSGTSASLAITGLQAEDEADYYCQSYDRSLSGVFGTGTKVTVL,17
15,7rqr,QVKLVESGGGVVQPGRSLRLSCEASGFIFSTYGMHWVRQAPGKGLEWVAVIWFDGSNIYYADSVKGRFTISRDNSKNTVFMQMDSLRAEDTAVYYCHRNFYDGSGPFDYWGQGTLVTVSS:DIQMTQSPSTLSASVGDRVTITCRASQSISRWVAWYQQKAGKAPKLLIYKASSLESGVPSRFSGSGSETDFTLTISSLQPDDVATYYCQQYTSYGRTFGQGTKVEIK,13
16,7stz,QVQLKESGPGLVAPSQSLSITCTVSGFSLSRYGVHWVRQPPGKGLEWLGMMWGGGNTDYNSALKSRLSISKDNSKSQVFLKMNSLQTDDTAMYYCASSNYVLGYAMDYWGQGTSVTVSS:DIVMTQSPSSLAMSVGQKVTMNCKSSQSLLNSSNQKNYLAWYQQKPGQSPKLLIYFTSTRGSGVPDRFIGSGSGTDFTLTISSVEAEDLADYFCQQHYRTPHTFGGGTKVEIK,13
17,7o2z,EVKLQESGPGILQPSQTLSLTCSFSGFSLNTYGMGVGWIRQPSGKGLEWLANIWWTDDKYYNSVLKSRLTISKDTFNNQVFLKISSVDTADTATYYCAQLAYHDNPWFAYWGQGTLVTVSS:DIELSQSPSSLAVSVGEKVTLSCKSSQSLLYSNNQKNYLAWYQQKPGQSPKLLIYWASTRESGVPDRFTGSGSGTDFTLTISSVKAEDLAVYYCQQYYNYPTFGGGTKLEIK,13
18,7qu2,LVQSVETGGGLVRPGNSLKLSCVTSGFTFSNYQMHWLRQPPGKRLEWIAVITVKSDNYGANYVESVKGRFAISRDDSKSSVYLEMNRLREEDTATYFCSRSGIYDGYYAYAMDYWGQGTSVTVSS:SVVMTQSQKFMSTSVGDRVSITCKASQIVGTSVAWYQQKAGQSPKLLIYWASTRHTGVPDRFTAGGSGTDFTLTITNVQSEDLADYFCQQYATYPLTFGSGTKLELK,16
19,6xsn,QVQLQESGPGLVKPSETLSLTCAVSGASISSNYWSWIRQPPGKGLEWIGRIYDPTDSTDYNPSLESRATISKDTSKNHFSLTLSSVTAADTAVYFCARGLWSGYFFWFDVWGPGVLVTVSS:DIQMTQSPSSLSASVGDSVTVTCRASQGIDKELSWYQQKPGKAPTLLIYAASSLQTGVSSRFSGSGSGTDYTLTISSLQPEDVATYYCLQDYATPYSFGQGTKVEIK,14
20,7rm3,QIQLVQSGPELKKPGETVKISCKASGYTFTNYGMNWVKQAPGKGLKWMGWINSNTGEPTYAEEFKGRFAFSLETSASTAYLQINNLKNEDTATYFCARWANCGCAMDYWGQGTTVTVSS:DIVMTQSPSSLTVTAGEKVSMSCKSSQSLFTSGKQKNYLTWYQQKPGQPPKLLIYWASTRNSGLPDRFTGSGSGTDFTLTISSVQAEDLAVYYCQNDYSYPFTFGSGTKLEIK,12
21,7bnv,QVQLVQSGAEVKKPGESLKISCKGSGYSFTSYWIGWVRQMPGKGLEWMGIIYPGDSDTRYSPSFQGQVTISADKSISTAYLQWSSLKASDTAMYYCARHPSPYYYGSGSYSGGFDYWGQGTLVTVSS:DIVMTQSPGTLSLSPGERATLSCRASQSVSSSYLAWYQQKPGQAPRLLIYGASTRATGIPARFSGSGSGTEFTLTISSLQSEDFAVYYCQQYDNWPLMHTFGQGTKLEIK,20
22,7ow1,QVQLKQSGPGLVQPSQSLSITCTVSGFSLTSYGIHWVRQSPGKGLEWLGVMWSGGITDFYAAFISRLSISRDISKSQVFFKMNSLQADDTAIYYCARGSRYALDYWGQGTSVSVSS:DIQMTQTTSSLSASLGDRVTISCRASQDISNYLNWYQQKPDGTVKLLIYYTSRLHSGVPSRFSGSGSGTDYSLTISNLEQEDIATYFCQQGNTLPPTFGGGTKLEIK,10
23,7s11,QVQLKESGPGLVQPSQTLSLTCTVSGLSLTTNSVSWIRQPPGKGLEWMGVIWSNGGTDYNSDIKSRLSISRDTSKSQVFLKMNSLQTEDTAMYFCARNFPYPGINFDWGQGVMVTVSS:QAVVTQESALTTLPGGTVTLTCHSSTGAVTTSNYANWIQEKADHSFTAILGGTSNRAPGTPARFSGSLLEGKAALTITGAQVEDEATYFCSLWYSGHLIFGGGTKLTVK,12
24,7t7b,QVQLQQSGAEVKKPGASVKLSCKASGYTFSVFPIHWVRQAPGQRLEWMGWHNAGDGDTKYSQKFQGRVTIISDTSASTAYMELSSLKSEDTAVYYCARAARPYYDRRGYFFRADYFQHWGQGTLVTVSS:DIQVTQSPSSLSASVGDRVTITCQASQDIKNSLNWYQQKPGKAPKLLISDASNLETGVPSRFSGNGSGTDFTFTISSLQPEDIATYYCQQYDNLITFGPGTKVEIK,22
25,7rah,EVQLQQSGAELVRPGTSVKVSCKASGYAFTNYLIEWVKQRPGQGLEWIGVINPGIGNTNYNEKFKGKATLTADKSSSTVYMQLSSLTSDDSAVYFCARGLNYGSSQHWYFDVWGAGTSVTVSS:IVMTQSPAILSASLGERVTMTCTASSSVSSSYLHWYQQKPGSSPKLWIYSTSNLASGVPARFSGSGSGTSYSLTISSMEAEDAATYYCHQYHRSPPTFGAGTKLEIK,16
26,7mu4,QVTLRESGPALVKPTQTLTLTCTISGLSLTTSGVCVSWIRQPPGKALEWLALIDWDDDKYYSTSLRTRLTISKDISKNQVVLTMTNMDPVDTATFFCARTRCTSNWGYYFDSWGRGTRVTVSS:QSVLTQPPSVSGAPGQRVTISCTGSASNIGAGYDVHWYQQVPGAAPKLLIFVYSNRPSGVPDRISGSKSGTSASLAISGLQAEDEADYYCQSYDDSLRGWVFGGGTKLTVL,15
27,7rta,QVQLVQSGAEVKKPGSSVKVSCKASGYTFTNYWMHWVRQAPGQGLEWMGNIDPSNGGTNYNEKFKSRVTITADESTSTAYMELSSLRSEDTAVYYCASFAYWGQGTLVTVSS:DIQMTQSPSSLSASVGDRVTITCRASGNIHNYLAWYQQKPGKAPKFLIYNAETLSDGVPSRFRGSGSGTDFALSISSLQPEDFATYYCQHFMYPPFTFGQGTKLEIK,5
28,7mzf,EVQLVESGGGLVQPGGSLRLSCAASEFIVSRNYMSWVRQAPGKGLEWVSVIYSGGTTYYADSVKGRFTISRDSSKNTLYLQMNSLRAEDTAVYYCARDRGDYLFDYWGQGTLVTVSS:DIQMTQPPSPLFASVGDRVTITCRASQSISSWLAWYQQKPGKAPKLLIYKASSLESGVPSRFSGSGSETEFTLTISSLQPDDFATYYCQQYNSYFPTFGQGTKVEIK,11
29,7l77,QVQLQQWGAGLLKPSETLSLTCALYGRSLNGNYWSWIRQSPGKGLEWIGEINHSGSTYFNPSFKSRVAMSVDTSKSQFSLKLNSVTAADTGIYFCARGKRYSASYSNYFGVWGQGTQVTVSS:DIQMTQSPSTLSASVGDRVDITCRASQSISRWLAWYQQKPGKAPKVLIYEASLLANGVPSRFSGHFNGRESATDFTLTISSLQPDDVATYYCQHYMADPRFGQGTKLEIK,16
30,7wph,QVELQESGPGLVKPSGTLSLTCAVSGGSISSNNWWTWVRQPPGKGLEWIGEIHHSGGTNYNPSLKSRVTMSVDKSKNQFSLNLYSVTAADTAVYYCTRDRAGGTYSGFDFWGQGTLVTVSS:QAVVTQPASVSGSPGQSITISCTGTSSDVGGYNYVSWYQQHPGKAPKLMIYDVSNRPSGVSNRFSGSKSGNTASLTISGLQAEDEADYYCSSYTSSSTVVFGGGTKVTVL,14
31,7o33,EVKLQQSGAELVRPGASVKLSCKALGYIFTDYEMHWVKQTPVHGLEWIGVIHPGSGNTVYNQKFQGKATLTADKSSSTAYMEVSSLTSEDSAVYYCNLWGRWGQGTTVTVSS:DVVMTQTPVTLSVNIGQPASISCKSGQSLLHSDGKTYLNWLLQRPGQSPKRLIYLVSDLDSGVPDRFTSSGSGTDFTLEISRVEAEDLGVYYCWQGTHLPHTFGGGTKLEIK,5
32,7n3h,EVQLVESGGGLIQPGGSLRLSCAASGITVSSNYMSWVRQAPGKGLEWVSVMYAGGSTFYADSVKGRFTISRDDSKNTLFLQMNSLRAEDTAIYYCARDLYSSGGTDIWGQGTMVTVSS:EIVLTQSPGTLSLSPGERATLSCRASQSIGSSYLAWYQQKPGLAPRLLIYGASRRATGIPDKFSGSGSGADFTLTISRLEPEDFAVYYCQQYGSSPGTFGQGTKVEIK,12
33,7s0x,EVQLVESGGGLVKPGGSLRLSCAASGFSFSEYRMNWVRQAPGKGLEWVSFISSSGTYIDYADSVKGRFTISRDNVNNSLYLQMNNLRAGDTAVYYCARGMGIAVRRFDYWGQGTLVSVSS:SYVLTQPPSVSVAPGQTAKITCGGNNIGSESVHWYQQKPGQAPVLVVYDDAVRPSGIPERFSGSNSRNTATLTISRVEAGDEAAYYCQVWDSSTVASFGGGTKLTVL,13
34,7e3o,QVQLVESGGGVVQPGRSLRLSCAASGFTFSSYAMHWVRQAPGKGLEWVALISYDGSNKYADSVKGRFTISRDNSKNTLYLQMNSLRAEDTAVYYCARGLGLRFLEWPISSYWGQGTLVTVSS:QSVLTQPPSASGTPGQRVTISCSGSSSNIGSNTVNWYQQLPGTAPKLLIFSNNQRPSGVPDRFSGSKSGTSASLAISGLQSEDEADYYCAAWDDSLKGVFGGGTKLTVL,16
35,7kf1,EVQLVESGGGLVQPGGSLRLSCAASGFNIKDTYIHWVRQAPGKGLEWVARIYPTNGYTRYADSVKGRFTISADTSKNTAYLQMNSLRAEDTAVYYCAKLGIGYYYYGMDVWGQGTLVTVSS:DIQMTQSPSSLSASVGDRVTITCRASQDIPRSISGYVAWYQQKPGKAPKLLIYWGSYLYSGVPSRFSGSGSGTDFTLTISSLQPEDFATYYCQQHYTTPPTFGQGTKVEIK,14
36,7msq,QVQLQESGPGLVKPSETLSLTCTVSGGSISSYHWNWIRQPPGKGLEWIGYIYYSGNTNYNPSLKSRVSISTDTSKNQFSLKLSSVTAADTAVYYCVREMRRGYSGYDYWDLYAFDIWGQGTMVTVSS:DIQLTQSPSFLSASVGDRVTITCRASQGISSYLAWYQQKPGKAPNLLIYAASTLQSGVPSRFSGSGSGTEFTLTISSLQPEDFATYYCQQLNSYPHTFGQGTKLEIK,21
37,7ps3,EVQLVQSGAEVKKPGASVKVSCKASGYTFTGYYMHWVRQAPGQGLEWMGWINPNSGGTNYAQKFQGRVTMTRDTSITTGYMELSSLRSDDTALYYCARVGAHDYYDSSDNWFDPWGQGTLVTVFS:DIQMTQSPSSVSASVGDRLTITCRASQGISSWLAWYQQKPGKAPKLLIYAASSLQSGVPSRFSGSGSGTDFTLTISSLQPEDFATYYCQQANSFPWTFGQGTKVEIK,18
38,7kpj,EVKLEESGGDLVKPGGSLKLSCAASGFTFSSYGMSWVRQTPDKRLEWVATISSGGSYTYYPDSVKGRFTISRDNAKNTLYLQMSSLKSEDTAMYYCARRGFYFDYWGQGTTLTVSS:ETTVTQSQKFMSTSVGDRVSVTCKASQNVGTNVAWYQQKPGQSPKALIYSASYRYSGVPDRFTGSGSGTDFTLTISNVQSEDLAEYFCQQYNSYPLTFGQGTKVEIK,9
39,7pi7,EVQLQQSGAELVKPGASVKLSCTASGFNIKDTYIHWVKQRPEQGLEWIGRIDPANGNTYSDPKFQDKATIKADTSSNTAYLQLSSLTSEDTAVYYCARDVLYFDVWGAGTTVTVSS:DIVLTQSPASLAVSLGQRATISCRASESVDSYGNSFMHWYQQKPGQPPKLLISRASNLESGIPARFSGSGSRTDFTLTINPVEADDVATYYCQQSNEDRTFGGGTKLEIE,9
40,7kn4,QVTLRESGPGLVKPSETLSLTCAVSGGSLSSVNYYWSWIRQHPGKGLEWIGYIYYSGSTNYNPSLKSRVTMSLDTSKNQFSLKLSSVTAADTAVYYCATPGAIMGALHIWGQGTLVTVSS:QAVLTQPSSASSTPGQRVIISCSGSSSNIGSNTVSWYQQVPGAAPKLLIYFDYRRPSGVPDRFSGTRSGTSASLGISGLQSEDEADYYCAAWDDSLSAWVFGRGTKLTVL,12
41,7or9,QVQLVQSGAEVKKPGASVKVSCKASGYIFIRYGISWVRQAPGQGLEWMGWISANNGYTNYAQKLQGRVTMTTDTSTSTAYMELRSLRSDDTAVYYCARDGGILTGYLDYFDHWGQGTLVTVSS:DIQMTQSPSSLSASVGDRLTITCRASQSIASYLNWYQQKPGKAPKLLIYAASSLQSGVPSRFSGSGSGTDFTLTISSLQPEDFATYHCQQSYSTLGITFGPGTKVDIK,16
42,7rlx,NSQLQQSGPELVKPGASVKISCKASGYSFTGYYMHWVKQSHVKSLEWIGRIDPYDGATSYNQNFKDKASLTVDKSSTTGFMELHSLTSEDSAVYYCAREGHWDGDWYFDVWGAGTTVTVSS:DIVMTQTPLSLSVTIGQPASISCKSSQSLLHSNGKTYLNWLQQRPGQAPKILMYLVSKLDPGIPDRFSGSGSETDFTLKISRVEAEDLGVYYCLQGTYYPFTFGSGTKLEIK,14
43,7st8,QVTLKESGPGILQPSQTLSLTCSFSGFSLSTSGMGVGWIRQPSGKGLEWLAHIWWDDVKRYNPALKSRLTISKDTSSSQVFLKIASGDTIDTATYYCARIPTDDYYALDHWGQGASVTVSS:DIVLTQSPASLAVSLGQRATISCRASKSVSTSGYSFMHWYQQKPGQPPKLLIYLASNLESGVPARFSGSGSGTDFTLNIHPVEEEDAATFYCQHSRELPYTFGGGTKLEIK,13
44,7n08,EVQLVESGGGLVQPGRSLRLSCAASGFTFNDYAMHWVRQAPGKGLEWVSGISWDSSSIGYADSVKGRFTISRDNAKNSLYLQMNSLRAEDMALYYCVKGRDYYDSGGYFTVAFDIWGQGTMVTVSS:DIQMTQSPSTLSASVGDRVTITCRASQSISRWLAWYQQKPGKVPKLLIYKASSLESGVPSRFSGSGSGTEFTLTISSLQPDDFATYYCQQYNSYSFGPGTKVDIK,19
45,7ps1,EVQLLESGGGLVQPGGSLRLSCAASGLTVRSNYMNWVRQAPGKGLEWVSLIYSGGSTFYADSVKGRFTISRHDSKNTLYLQMNSLRAEDTAVYYCARDLVVYGMDVWGQGTTVTVSS:DIQMTQSPGTLSLSPGERATLSCRASQSVSSSSLAWYQQKHGQAPRLLIYGTSSRATGIPDRFSGSGSGTDFTLTISGLEPEDFAVYYCQQYGSSPLFGGGTKVEIK,11
46,7shy,EVQLVESGGGLVQPGGSLRLSCAVSGYSITSGYSWNWIRQAPGKGLEWVASITYDGSTNYNPSVKGRITISRDDSKNTFYLQMNSLRAEDTAVYYCARGSHYFGHWHFAVWGQGTLVTVSS:DIQLTQSPSSLSASVGDRVTITCRASQSVDYDGDSYMNWYQQKPGKAPKLLIYAASYLESGVPSRFSGSGSGTDFTLTISSLQPEDFATYYCQQSHEDPYTFGQGTKVEIK,14
47,7so5,QVQLLQGGAGLLKPSETLSLTCAVYGGSFSEHYWSWIRQPPGKGLEWIGEINYGGNTNYNPSLESRISISVDTSKNQVFLRVRFVTAADTAVYFCSGGRRAAVHGRTFAIWGQGTMVTVSS:DIVMTQSPLSLPVTPGEPASISCRSSQSLLHTNGNNYLVWYLQKPGQAPHLLIYLGSNRASGVPGRFSGSGSGTDFTLKISRVEVEDVGVYYCMQSLQTPPTFGQGTKLEIK,15
48,7tp4,EVQLAESGGGLVKPGGSLRLSCVASGFTFSSNEMHWVRQAPGKGLEWVSVISESGFTTEYADSVKGRFTISRDNAKNSLFLQMNSLRAEDTAVYYCTRVSIFGQFIVATYFDYWGQGVLVTVSS:QAALTQPRSVSGSPGQSVTISCTGTSSDIGGYNYVSWYQQHPGTAPKLMIYAVSERPSGVSDRFSGSKSGNTASLTISGLQAEDEADYYCCSYAGTVLFGGGTRLTVL,17
49,7z0x,EVQLVESGGGLVQPGGSLRLSCAASGFTVSSNYMSWVRQAPGKGLEWVSAIYSGDSTYYADSVKGRFTISRHNPKNTLYLQMNSLRAEDTAVYYCARLVGALTNIVVSGDGGAFDIWGQGTMVTVSS:SYELTQPASVSGSPGQSITISCTGTSSDVGSYNLVSWYQQHPGKAPKLMIYEVSKRPSGVSNRFSGSKSGNTASLTISGLQAEDEVDYYCCSYAGSSTWVFGGGTKLTVL,21
50,7mrz,QLQLQESGPGLVKPSETLSLTCTVSGGSISSSSYYWGWIRQPPGKGLEWIGSISYSGSTYYNPSLKSRVTISVDTSKNQFSLKLSSVTAADTAVYYCARDSLRYGMDVWGQGTTVTVSS:DIVMTQSPDSLAVSLGERATINCKSSQSVLYSSNNKNYLAWYQQKPGQPPKLLIYWASTRESGVPDRFSGSGSGTDFTLTISSLQAEDVAVYYCQQYALAPPRTFGGGTKVEIK,11
51,7doh,QVQLRQSGPELVKPGASVKMSCRASGYTFTNYNIHWVRQRPGQGLEWIGWIYPVDGTTKYNEKFKDKTTLTSDKSSSTAYMSLSGLTSEDSAIYFCARGLDNWGQGTSVTVSS:DVVLTQTPLSLSVTIGQPASISCRSSQRLLYSNGKTYLNWFQQRPGQAPKYLMFQVSKLGPGIPARFSGSGSETDFTLKISRVEAEDLGVYYCFQGTFFPHTFGGGTKLEMK,6
52,7cj2,EVQLVESGGGLVQPGGSLRLSCAASGFTFSNYAMSWVRQAPGKGLEWVSGISGSGGTTYYADSVKGRFTISRDNSKNTLYLQMNSLRAEDTAVYYCAGVGTFDVWGQGTLVTVSS:DIQMTQSPSSLSASVGDRVTITCRASQTISSWLNWYQQKPGKAPKLLIYAASRLQSGVPSRFSGSGSGTDFTLTISSLQPEDFATYYCQQSYSTPLTFGQGTKVEIK,8
53,7ryv,QVQLVQSGAEVKKPGASVKVSCKASGFTFGRYSFTWVRQAPGQGLEWVGVIVPLVGVTNSAKKFQGRVTITADTSTNTVYMDLSSLRSEDTAVYYCARVGDRFGSGYAMDVWGRGALVTVSS:QSALTQPPSVSGAPGERVTISCSGSGSNFEYSFVYWYQQVPGMAPKLLIYDNYKRPSGVSDRFSGSRSGTSASLTITGLQTEDESDYYCQSYDSSLTYWVFGGGTRLTVL,15
54,7mx8,QVQVQQWGAGLLKPSETLSLTCAVYGGSFSGYYWSWIRQPPGKGLEWIGEINHRGSTNYNPSLKSRVSISVDTSKNQVSLKLSSVTATDTAVYYCAFAYLWGSYRRRADYWGQGTLVTVVS:EIVLTQSPATLSLSPGERATLSCRASQSVSSYLAWYQQKPGQAPRLLIYDASNRATGIPARFSGSGSGTDFTLTISSLEPEDFAVYYCQQRSNWPPTYTFGQGTKLEIK,15
55,7rda,QVQLVQSGAEVKKPGASVKVSCKASGYTFTTYAIHWVRQAPGQRLEWMGWIKVGDGNTRYSPKFQGRVTITRDTSASTAYMELSSLRSEDTAVYFCALLTVITPDDAFDIWGQGTMVTVSS:DIVMTQSPDSLAVSLGERATINCKSSQSVLYSSKNKNYLAWYQQKPGQSPKLLIYWASTRESGVPDRFSGSGSGTDFTLTISSLQAEDVAVYYCHQYYSSPLTFGGGTKVEIK,14
56,7dk2,EVQLVESGGGLVQPGGSLRLSCAASGFTFSSYWMSWVRQAPGKGLEWVANIKQDASEKYYLDSLKGRFTISRDNAKNSLYLQMNSLRAEDTAVYYCARDLGILWFGDYPWGQGTLVTVSS:DIQMTQSPSSLSASVGDRVTITCRASQGISNSLAWYQQKPGKAPKLLLYAASTLESGVPSRFSGSGSGTDFTLTISSLQPEDFATYYCQQFYSTPRTFGQGTKVEIK,13
57,7ps6,QVQLQESGPGLVKPSETLSLTCTVFGGSITSSNHYWVWIRQPPGKGLEWIGSMYYSGSTAYNPSLTNRVTISVDTSKNQFSLKLSSVTAADTAVYYCARQIGPKRPSQVADWFDPWGQGTLVTVSS:DIQLTQSPSFLSASVGDRVTITCRASQGISSYLAWYQQKPGKAPKLLIYAASTLQSGVPSRFSGSGSGTEFTLTISSLQPEDFATYYCQQLNSYPLTFGGGTKVEIK,18
58,7wpv,EVQLQQSGPGLVKPSQTLSLTCAISGDSVSSNSAAWNWIRQSPSRGLEWLGRTYYRSKWYNDYAVSVKSRITINPDTSKNQFSLQLNSVTPEDTAVYYCAREEQQLVHDYYYYGMDVWGQGTMVTVSS:QAVVTQPASVSGSPGQSITISCTGTSSDIGAYNYISWYQQHPGKAPKLIIYEVSNRPSGISYRFSGSKSGNTASLTISGLQAEDEANYYCSSYAGSISFGGGTKVTVL,18
59,7re7,EVQLVQSGAEVKKPGESLTISCKASGYSFPNYWITWVRQMSGGGLEWMGRIDPGDSYTTYNPSFQGHVTISIDKSTNTAYLHWNSLKASDTAMYYCARYYVSLVDIWGQGTLVTVSS:QSVLTQPASVSGSPGQSITISCTGTSSDVGGYNYVSWYQQHPGKAPKLMIYDVNNRPSEVSNRFSGSKSGNTASLTISGLQAEDEADYYCSSYTTGSRAVFGGGTKLTVL,10
60,7lfb,QIQLVQSGPDLKKPGETVKISCRTSGYAFTNYGVNWVKQAPGKGLKWMGWINTNTGQTTYAEEFRGRFAISLETSASTAFLTISNLKNEDSATYFCARLIYDGDYISSDFWGQGTTLTVSS:DIQMTQSPDSLSASVGETVTITCGASENIYGALNWYQRKQGKSPQLLIYGATNLADGMSSRFSGSRSGRQYSLKISSLHPDDVATYYCQNALSMPYTFGGGTNLETK,14
61,7tp3,EVRLVESGGGLVKPGGSLRLSCVASGFTFSSYEMHWVRQAPGKGLEWVSVISESGATTHYTDSVKGRFTISRDNAKNSLFLQMNSLRAEDTAVYYCTRPQSVTVFGVAATSYEAFDFWGQGLRVTVSS:DIVMTQSPDTLSLSPGETATLSCRASQSVSSYVAWYQQKPEQPPRLLIYGSSSRATGMPDRFSGSGSGTDFTLTISSLEPDDFAVYYCQQYTNWPLTFGGGTKVEIK,21
62,7s5q,QVQLVQSGPEVKKPGTSVKVSCKASGITFTSSAVQWVRQARGQRLEWIGWIVVGSGNTNYAQKFQERVTITRDMSTSTAYMELSSLRSEDTAVYYCAAPYCSGGTCHDGFDIWGQGTMVTVSS:EIVLTQSPGTLSLSPGERATLSCRASQSVSSSYLAWYQQKPGQAPRLLIYGASSRATGIPDRFSGSGSGTDFTLTISRLEPEDFAVYYCQQYGSSPWTFGQGTKVEIK,16
63,7qnx,EVQLVESGGGVVQPGRSLRLSCAASAFTFSSYDMHWVRQAPGKGLEWVAVISYDGSNKYYADSVKGRFTISRDNSKNTLYLQMNSLRAEDTAVYYCAKDGGKLWVYYFDYWGQGTLVTVSS:DIQMTQSPSSLSASVGDRVTITCRASQSISSYLNWYQQKPGKAPKLLIYAASSLQSGVPSRFSGSGSGTDFTLTISSLQPEDFATYYCQQSYSTLALTFGGGTKVEIK,14
64,7fgj,QVQLQQSGAALVRPGTSVKVSCRASEYAFTNYVIEWVKQRPGQGLEWIGVINPGSGGTNYNEKFKGKATLIADKSSSTAYMQLSSLTSDDSAVYFCARSTYYSGALDYWGQGTSVTVSS:QLVLTQSSSASFSLGASAKLTCTLSSQHSTYTIEWYQQQPLKPPKYVMELKKDGSHSTGDGIPDRFSGSSSGADRYLSISNIQPEDEAIYICGVGDTIKEQFVYVFGGGTKVTVL,12
65,7rt9,EVQLLESGGGLVQPGGSLRLSCAASGYTFTNYWMHWVRQAPGKGLEWVSNIDPSNGGTNYNEKFKSRFTISRDNSKNTLYLQMNSLRAEDTAVYYCASFAYWGQGTLVTVSS:DIQMTQSPSSLSASVGDRVTITCRASGNIHNYLAWYQQKPGKAPKFLIYNAETLSDGVPSRFRGSGSGTDFALSISSLQPEDFATYYCQHFMYPPFTFGQGTKLEIK,5
66,7ps4,EVQLVQSGAEVKKPGESLKISCKGSGYSFTNYWIGWVRQMPGKGLEWMGIIYPGDSGTRYSPSFQGQVTISADKSIRTAYLQWSSLKASDSAMYYCARSRVGATGGYYDYYMDVWGQGTTVTVSS:QSVLTQPPSASGTPGQRVTISCSGSSSNLGGNTVNWYQQLPGTAPKLLIYSNNQRPSGVPDRFSGSKSGTSASLAISGLQSEDEADYYCAAWDDSLNGPVFGTGTKVTVL,18
67,7rqq,QVQLVESGGGVVQPGRSLRLSCAASGFTFSSYGMHWVRQAPGKGLEWVAVIWYDGSNRYYADSVKGRFTISRDNSKNTLFLQMNSLRAEDTAVYYCHRNYYDSSGPFDYWGQGTLVTVSS:DIQMTQSPSTLSASVGDRVTITCRASQFISRWLAWYQQKPGKAPKLLIYKASSLESGVPSRFSGSGSETHFTLTISSLQPDDVATYYCQEYTSYGRTFGQGTKVEIK,13
68,7oo2,QVQLKESGPGLVAPSQSLSITCTVSGFSLSRYSVHWVRQPPGKGLEWLGMIWGGGSTDYNSALKSRLSISKDNSKSQVFLKMNSLQTDDTAMYYCARNYRGFAYWGQGTLVTVSA:ETTVTQSPASLSVATGEKVTIRCITSTDIDDDMTWYQQKPGEPPKLLISEATTLRPGVPSRFSASGYGTDFVFTIENTLSEDVADYYCLQSDNMPYTFGGGTKLEIK,9
69,7ora,QVQLVQSGPEVKKPGTSVKVSCKASGFTFTTSAVQWVRQARGQRLEWIGWIVVGSGNTNYAQKFQERVTITRDMSTTTAYMELSSLRSEDTAVYFCAAPHCNSTSCYDAFDIWGQGTMVTVSS:DIQMTQSPGTLSLSPGEGATLSCRASQSVSSSYLAWYQQKPGQAPRLLIYGASSGATGIPDRFSGSGSGTDFTLTISRLEPEDFAVYYCQQYGSSPYTFGQGTKVEIK,16
70,7ahu,EVQLVQSGAEVKKPGESLRISCKGSGYSFSTSWIVWVRQMPGKGLEWMGMIDPSDSFTSYSPSFQGHVTISADKSISTAYLQWSSLKASDTAMYYCARLHYYNSEEFDVWGQGTLVTVSS:EIVLTQSPGTLSLSPGERATLSCRASQSVSSSYLAWYQQKPGQAPRLLIYGQSSRTRGIPDRFSGSGSGTDFTLTISRLEPEDFAVYYCQQFGDSQLFTFGQGTKLEIK,13
71,7qu1,QVQLQQSGAELVKPGASVKISCKASGYAFGSHWMNWVKQRPGKGLEWIGQIYPGDGDTNYNGKFKGKATLTADKSSSTAYMQFSSLTSEDSAVYFCARDDYGTRYYFDYWGQGTTLTVSS:DIQMTQTTSSLSASLGDRVSISCRASQDINNYLNWYQQKPDGTVKLLIHYTSRLRSGVPSRFSGSGFGTDYSLTITNLEQEDIATYFCQQGKTLPLTFGAGTKLEIK,13
72,7ps0,QVQLVQSGPGLVKPSQTLSLTCSVSDGSISSSDYYWSWIRQPPGKGLEWIGYIYYTGSTYYNPSLKSRVSISVDRSKNQFSLKLSSVTAADTAVYYCARLVVPSPKGSWFDPWGQGTLVTVSS:SYELTQPASVSGSPGQSITISCTGTSIDVGNYNLASWYQQHPGKAPKLIIYEGSRRPSGVSNRFSGAKSGNTASLTISGLQAEDEADYYCCSYVGSSTYVFGSGTKVTVL,15
73,7lyw,QVQLVESGAEVKKPGASVKVSCKASGYTFTNYAIHWVRQAPGQRLEWMGWINAGRGNTKYSQKFQGRVTITRDTSASTAYMELSSLRSEDAAVYFCARDESTGDYYYYMDVWGKGTTVTVSS:SYELTQPPSVSVSPGQTASITCSGDRLDDKYASWYQQKAGQSPVLVIYQDNKRPSGIPERFSGSNSGNTATLTISGTQAMDEADYYCQAWDSDTYVFGTGTKVTVL,15
74,7arn,EVQLVESGGGLVQPGGSLRLSCAASGFTFSSYSMTWVRQAPGKGLEWVSNISSSSNTAFYADSVKGRFTISRDNVKNSLYLQMHSLRDEDTAVYFCARDRNGYNFFDYWGQGTLVTVSS:DIEMTQSPSSLSASIGDRLTITCRASQAIRESVQWYQQKPGKAPKLLMFSTSILESGVPSRFSGSGFGTHFTLTISSLQPEDFATYSCQQNYSGPFTFGPGTKVEMR,12
75,7rco,EQQLVESGGGLVQPGGSLRLSCAVSGFSLSSYTVNWVRQAPGKGLEWIGYISYGGSAYYASWANGRFTISKDSAKNSVYLQMNSLRAEDTAVYFCARHMQVGGAPTGSMAAFDPWGPGTLVTVSS:DAQLTQSPSSLSASVGDRVTITCQSSQSVYNNNYLSWFQQKPGKPPKLLIYGASTLTSGVPSRFSGSGSGTDFTLTISSLQPEDFATYYCAGGYSGSSDKYAFGGGTKVEIK,19
76,7s3m,EVQLQQPGPVLVKPGASVRMSCKASGYRITDNFMNWVKQSHGKSLEWIGIINPYNGGTKYNQKFKGKATLTVDTSSSTAYMELNSLTSEDSAVYYCTRVRGNDYHGRAMDYWGQGTSVTVSS:DVVLTQTPLSLPVNIGDQASISCKSTKSLLNRDGFTFLDWYLQKPGQSPQLLIYLVSNRFSGVPDRFSGSGSGTDFTLKISRVEAEDLGVYYCFQSNYLFTFGSGTKLEIK,15
77,7f6z,EVQLVESGGGLIQPGGSLRLSCAASGLIVSSNYMSWVRQAPGKGLEWVSVLYAGGSTDYAGSVKGRFTISRDNSKNTLYLQMNSLRAEDTAVYYCARDAAVYGIDVWGQGTTVTVSS:DIQMTQSPSSLSASVGDRVTITCRASQSISSYLNWYQQKPGKAPKLLIYAASSLQSGVPSRFSGSGSGTDFTLTISSLQPEDFATYYCQQSYTTPLFTFGPGTKVDIK,11
78,7fcp,QVQLVQSGAEVKKPGASVKVSCKASGYIFTSYSMHWVRQAPGQGLEWMGTIKPSDDSTNYAQKFQGRVSMTRDTSTSTVYMELSSLRYEDTAVYYCAREARGYYDRSGYYHPGYFDYWGQGTLVTVSS:QSVLTQPASVSGSPGQSITISCTGTSSDVGGYNFVSWYQQHPGKAPKLMIYEVSDRPSGVSSRFSGSKSGNTASLTISGLQAEDEADYYCFSYTTSTTWVFGGGTKLTVL,21
79,7z0y,QVQLVESGGGVVQPGRSLRLSCAASGFTFSNYAIHWVRQAPGKGLEWVAVVSYDGSNKYYAESVKGRFTISRDNSKNTLSLQMISLRPEDTAVYYCASVADTAMVPEWYFDLWGQGTMVTVSS:QSVLTQPRSVSGSPGQSVTISCTGTSSDVGAYNYVSWYQQHPGKAPKLMIYDVSARPSGVPDRFSGSKSGNTASLTISGLQAEDEADYYCCSYAGSWVFGGGTKLTVL,16
80,7urq,EVQLVESGGGLIQPGGSLRLSCAASGFIVSRNYMIWVRQAPGKGLEWVSVIYSGGSTFYADSVKGRFTISRDNSKNTLYLQMNSLRAEDTAVYYCARDLEVAGAIDYWGQGTLVTVSS:EIVLTQSPGTLSLSPGERATLSCRASQSISSSYLAWYQQKPGQAPRLLIYGATSRATGTPDRFSGSGSGTDFTLTINRLEPEDFAVYYCQQYGSSPGYTFGQGTKLEIK,12
81,7o30,EVKLQESGPGLVAPSQSLSITCTVSGFSLTGYGVNWVRQPPGKGLEWLGMIWGDGITDYNSALKSRLSISKDNSKSQVFLKMNSLQTDDTARYYCARDYYGRRYYAMDYWGQGTSVTVSS:DIELTQSPASLAVSLGQRATISCRASKSVSSSGYNYMFWYQQKPGQPPKLLIYLASNLESGVPDRFWGSGSGTDFTLNIHPVEEEDAATYYCQHSRELPLTFGAGTKLEIK,14
82,7vux,EVKLVESGGGLVQPGGSLRLSCAASGFAFSSYDMSWVRQAPGKRLEWVATISGGGRYTYYPDTVKGRFTISRDNAKNSHYLQMNSLRAEDTAVYFCASPYGGYFDVWGQGTLVTVSS:EIVLTQSPATLSLSPGERATLSCRASQSISNFLHWYQQKPGQAPRLLIKYASQSISGIPARFSGSGSGTDFTLTISSLEPEDFAVYFCQQSNSWPHTFGQGTKVEIK,10
83,7su0,QVQLVESGGGVVQPGRSLRLSCAASGFTFSHYTMHWVRQAPGKGLEWVTFISYDGHNKYYADSVKGRFTISRDNSKNTLYLQMNSLRAEDTAIYYCARTGWLGPFDYWGQGTLVTVSS:EIVLTQSPGTLSLSPGERATLSCRASQEVGESELAWYQQKPGQAPRLLIYGAFSRATGIPDRFSGSGSGTDFTLTISRLEPEDFAVYYCQQYGSSPWTFGQGTKVEIK,11
84,6xlz,QLQLQESGPGLVKPSETLSLTCTVSDGSIRDYWWNWIRQPPGKGLEWIGRIDSVVNTYYNPSLKSRVTLSVDTSKNQVSLRLSSVTAADTAVYYCARPYCPGSACYDSWGQGVLVTVSS:EVVFTQPHSVSGSPGQTVTISCTRSSGSLDSEYVQWYQQRPGRAPTIVIYRDNQRPSGVPDRFSGSIDSSSNSASLAISGLKSEDEADYYCQSADDSYNWVFGGGTRLTVL,13
85,7bbj,QVQLVQSGAEVKKPGDSVKVSCKASGYTFTTYWMHWVRQAPGQGLEWMGAIYPGLSDTTYNQKFKGKVTMTRDTSTSTVYMKLSSLRSEDTAVYYCARLLDYAMDYWGQGTLVTVSS:DIQMTQSPSSLSASVGDRVTITCRASQDIRSYLNWHQQKPGKAPKLLIWYTSRLHSGVPSRFSGSGSGTDYTLTISSLQPEDFATYFCQQGETLPWTFGQGTKLEIK,10
86,7zwi,DVKLVESGGGLVKLGGSLKLSCAASGFTFSSYYMSWVRQTPEKRLELVAAINNNGGSTYYPDTVKGRFTISRDNAKNTLNLQMNSLKSEDTALYYCTRQHYGNLYFFDYWGQGTTLTVSS:QIVLSQSPAILSASPGEKVTMTCRASSSVTYIHWYQQKPGSSPKPWIQATSSLASGVPARFSGSGSGTSYSLSISRVEAEDAATYYCQQWSSNPLTFGAGTKLELK,13
87,7t0k,EVKLVESGGGLVQSGGSLRLSCATSGFTFTDYYMSWVRQPPGKALEWLGFIRNKANGYTTEYSPSVKGRFTISRDNSQSILYLQMNTLRAEDSATYYCARDHDGYYERFSYWGQGTLVTVSA:DIVMSQSPSSLAVSAGEKVTMSCKSSQSLLNSRTRKNYLAWYQQKPGQSPKLLIYWASTRESGVPDRFTGSGSGTDFTLTITSVQAEDLAVYYCKQSYNLRTFGGGTKLEIK,13
88,7ttm,QLQLQESGPGLVKPSETLSLTCTVSGGSISSSNFYWGWIRQPPGKGLEWIASITYSGRTFYNPSLKSRVAISVDTSKNQFSLKLSSVTAADTAVYYCARTFPSYYDRSGYHYLNYGMDVWGQGTTVTVSS:NFMLTQPHSMSESPGKTVTISCTRSSGSIASNYVQWYQQRPGSSPTTVIYEDNQRPSGVPDRFSGSIDSSSNSASLTISGLKTEDEADYYCQSYDSSSWVFGGGTKLTVL,22
89,7e5o,EVQLQQWGAGLLKPSETLSLTCAVYGGSFSGYYWSWIRQPPGKGLEWIGEINHSGSTNYNPSLKSRVTISVDTSKNQFSLKLSSVTAADTAVYYCARGWDLDYYYGMDVWGQGTTVTVSS:AIRMTQSPSAMSASVGDRVTVTCRASQGIGNYLAWFQLKPGKVPKRLIYAASSLQSGVPARFSGGGSGTEFTLTISSLQPEDFATYYCLQHGFLPWTFGQGTKLEIK,14
90,7shz,EVQLVESGGGLVQPGGSLRLSCAVSGYSITSGYSWNWIRQAPGKGLEWVASIKYSGETKYNPSVKGRITISRDDSKNTFYLQMNSLRAEDTAVYYCARGSHYFGHWHFAVWGQGTLVTVSS:DIQLTQSPSSLSASVGDRVTITCRASKPVDGEGDSYLNWYQQKPGKAPKLLIYAASYLESGVPSRFSGSGSGTDFTLTISSLQPEDFATYYCQQSHEDPYTFGQGTKVEIK,14
91,7mzg,EVQLVESGGGLVQPGGSLRLSCAASGLTVSSNYMSWVRQAPGKGLEWVSVFYPGGSTYNADSVKGRFTISRDNSKNTLYLQMNSLRAEDTAVYYCARDAVYYGMDVWGQGTTVTVSS:DIQMTQSPSSLSASVGDRVTITCRASQSISSYLNWYQQKPGKAPKLLIYAASSLQSGVPSRFSGSGSGTDFTLTISSLQPEDFAIYYCQESYSTPGLFTFGPGTKVDIK,11
92,7nc0,EVQLVESGGGLVQPGGSLRLSCAASGFAFSTYDMSWVRQAPGKGLEWVATISSGGSYTYYLDSVKGRFTISRDSSKNTLYLQMNSLRAEDTAVYYCAPTTVVPFAYWGQGTLVTVSS:DIQMTQSPSSLSASVGDRVTITCKASQNVRTVVAWYQQKPGKAPKTLIYLASNRHTGVPSRFSGSGSGTDFTLTISSLQPEDFATYFCLQHWSYPLTFGQGTKVEIK,10
93,7q0g,EVQLLESGGGLIQPGGSLRLSCAASGFTVSSNYMSWVRQAPGKGLEWVSVIYSGGSTYYADSVKGRFTISRDNSKNTLYLQMNSLRAEDTAVYYCARDHVRPGMNIWGQGTMVTVSS:AIRMTQSPSSLSASVGDRVTITCQASQDISNYLNWYQQKPGKAPKLLIYDASNLETGVPSRFSGSGSGTDFTFTISSLQPEDIATYYCQQYDNLPVTFGGGTKVDIK,11
94,7zf8,QVQLVESGGGLIQPGGSLRLSCAASGVTVSSNYMSWVRQAPGKGLEWVSIIYSGGTTYYADSVKGRFTISRDSSMNTLYLQMNSLRAEDTAVYYCARDLMVYGIDVWGQGTTVTVSS:EIVMTQSPSSLSASVGDRVTITCRASQGISSYLAWYQQKPGKAPKLLIYAASTLQSGVPSRFSGSGSGTDFTLTISSLQPEDFATYYCQQLDSYPPGYTFGQGTKVDIK,11
95,7l7r,EVQLLESGGDLVQPGGSLRLSCAASGFTFSSYVMSWVRQAPGKGLEWVSVIYRGGSTKYADSVKGRFTISRDDSKNTLYLQMNSLRVEDTAVYYCVKDPKAWLEPEWWGQGTLVTVSS:DIQMTQSPSSLSASVGDRVTITCRASQSISKYLSWFQQKPGKAPNLLIYAASYLQSGVPSRFSGSGSGTDFTLTISSLQPEDFATYYCQQSYSNPRTFGQGTKVEIK,12
96,7rew,EVQLLESGGGLVQPGGSLRLSCAASGFTFSSYAMSWVRQAPGKGLEWVSAFSGWDVSTYYADSVKGRFTISRDNSKNTLYLQMNSLRAEDTAVYYCVQDGLGPYFYNYGMDVWGQGTTVTVSS:SYELTQPPSVSVSPGQTASITCSGDKLGDKYSFWFQQKPGQSPVLVIYHDSKRPSGIPERFSGSNSGDTATLTISGTRAMDEADYYCQAWDSSTYVFGTGTKVTVL,16
97,7s8g,QVQLQESGGGLVKPGGSLRLSCTASGFNFNKYNMNWVRQAPGKGLEWVSSISALSTYIYYADSLKGRFTVSRDNAKNSLFLQMNSLRDDDTAVYYCAREIRRASTWSADLWGRGTLVTVFN:DIQMTQSPSSLSASVGDRVIITCRASQSISSSLNWYQQKPGKAPKLLIYAAVNLETGVPSRFSGSGFGTDFTLAISNVQPEDFATYYCQQSDTRTFGRGTKLDVK,14
98,7tqa,EVQLQQSGPELVKPGASVKMSCKASGYTFTSYVMHWVKQKPGQGLEWIGFINLYNDGTKYNEKFKGKATLTSDKSSSTAYMELSSLTSKDSAVYYCARDYYGSRWFDYWGQGTTLTVSS:DVLMTQTPLSLPVSLGDQASISCRSSQSIVHSNGNTYLEWYLQKPGQSPKLLIYKVSNRFSGVPDRFSGSGSGTDFTLKISRVEAEDLGVYYCFQGSHVPYTFGGGTKLEIK,12
99,8cwv,EVQLVESGGGLIQPGGSLRLSCAASGLTVSSNYMSWVRQAPGKGLEWVSVIYSGGSTFYADSVKGRFTISRDNSKNTLYLQMNSLRAEDTAVYYCARDLDVYGLDVWGQGTTVTVSS:DIVMTQSPSFLSASVGDRVTITCRASQGISSYLAWYQQKPGKAPKLLIYAASTLQSGVPSRFSGSGSGTEFTLTISSLQPEDFATYYCQQLNSYPPKFTFGPGTKVEIK,11
100,7rks,QVQLVESGGGVVQPGRSLRLSCAASGFTFSNYAMHWVRQAPGKGLEWVAVISYDGSNKYYADSVKGRFTISRDNSKNTLYLQMNSLRAEDTAIYYCASGYTGYDYFVRGDYYGLDVWGQGTTVTVSS:QPVLTQSPSASASLGASVKLTCTLSSGHSSYAIAWHQQQPEKGPRYLMKLNTDGSHSKGDGIPDRFSGSSSGAERYLTISSLQSEDEADYYCQTWGTGILVFGGGTKLTVL,20
101,7s4g,EVQLVQSGAEVKKPGASVKVSCKASGYTFTTYVMHWVRQAPGQGLEWMGYINPYNDGTKYNEKFKGRVTMTRDTSISTAYMELSRLRSDDTAVYYCGRRNFDYWGQGTLVTVSS:DIVMTQSPDSLAVSLGERATINCKSSQSLLLSGNQENYLAWHQQKPGQPPKTLITWASTRISGVPDRFSGSGSGTDFTLTISSLQAEDVAVYYCQQSYSAPYTFGGGTKVEIK,7
102,7s0b,EVQLVESGGGLVQPGGSLRLSCAASGFTFSSYAMSWVRQAPGKGLEWVSLISGSGGSTYYADSVKGRFTISRDNSKNTLYLQMNSLRAEDTAVYYCARDLWGSGFFAFDVWGQGTLVTVSS:DIQMTQSPSSLSASVGDRVTITCQASQDISNYLNWYQQKPGKAPKLLIYDASNLETGVPSRFSGSGSGTDFTFTISSLQPEDIATYYCQQDAGTPLTFGQGTKVEIK,14
103,7kf0,EVQLVESGGGLVQPGGSLRLSCAASGFNIKDTYIHWVRQAPGKGLEWVARIYPTNGYTRYADSVKGRFTISADTSKNTAYLQMNSLRAEDTAVYYCARGGSFYYYYMDVWGQGTLVTVSS:DIQMTQSPSSLSASVGDRVTITCRASQDIPRSISGYVAWYQQKPGKAPKLLIYWGSYLYSGVPSRFSGSGSGTDFTLTISSLQPEDFATYYCQQHYTTPPTFGQGTKVEIK,13
104,7vsw,QVQLQESGPGLVKPSETLSLTCTVSGGSVSSGSYYWSWIRQPPGKGLEWIGYIYYSGSTNYNPSLKSRVTISVDTSKNQFSLKLSSVTAADTAVYYCAREGKNGAFDIWGQGTMVTVSS:DIQMTQSPSSLSASVGDRVTITCRASQSISSYLNWYQQKPGKAPKLLIYAASSLQSGVPSRFSGSGSGTDFTLTISSLQPEDFATYYCQQSYSTPLTFGGGTKVEIK,11
105,7n3e,EVQLVQSGAEVKKPGESLKISCKGSGYSFTSYWIGWVRQMPGKGLEWMGIIYPGDSDTRYSPSFQGQVTISADKSISTAYLQWSSLKASDTAMYYCARGVAVDWYFDLWGRGTLVTVSS:QSVLTQPPSVSGAPGQRVTISCTGSSSNIGAGYDVHWYQQLPGTAPKLLIYGNSNRPSGVPDRFSGSKSGTSASLAITGLQAEDEADYYCQSYDSSLSALYVFGTGTKVTVL,12
106,7tus,EVQLVESGGGLVQPGGSLRLSCAASGFTFSNYWMSWVRQSPEKGLEWVSEIRLRSDNYATHYAESVKGRFTISRDNSKNTLYLQMNSLRAEDTGIYYCCTYFYSFSYWGQGTLVTVSS:ELQMTQSPSSLSASVGDRVTITCRSSQSLLHTYGSPYLNWYLQKPGQSPKLLIYKVSNRFSGVPSRFSGSGSGTDFTLTISSLQPEDFAVYFCSQGTHLPYTFGGGTKVEIK,9
107,7qez,QVQLVQSGPEVKKPGTSVKVSCKASGFTFTTSAVQWVRQARGQRLEWIGWIVVGSGNTNYAQKFQERVTITRDMSTTTAYMELSSLRSEDTAVYYCAAPYCSGGTCLDGFDIWGQGTMVTVSS:EIVLTQSPGTLSLSPGERATLSCRASQSVSRSYLAWYQQKPGQAPRLLIYSASSRATGIPDRFSGSGSGTDFTLTISRLEPEDFAVYYCQQYGSSPWTFGQGTKVEIK,16
108,7l7e,EVQLVQSGPEVKKPGTSVKVSCKASGFTFMSSAVQWVRQARGQRLEWIGWIVIGSGNTNYAQKFQERVTITRDMSTSTAYMELSSLRSEDTAVYYCAAPYCSSISCNDGFDIWGQGTMVTVSS:EIVLTQSPGTLSLSPGERATLSCRASQSVSSSYLAWYQQKPGQAPRLLIYGASSRATGIPDRFSGSGSGTDFTLTISRLEPEDFAVYYCQHYGSSRGWTFGQGTKVEIK,16
109,7ams,QVQLVQSGAEVKKPGASVKVSCKASGYKFTGFVMHWVRQAPGQGLEWMGFINPYNDDIQSNERFRGRVTMTRDTSISTAYMELSRLRSDDTAVYYCARGNGYNFDGAYRFFDFWGQGTMVTVSS:DIVMTQSPLSLPVTPGEPASISCRSSQRLVHSNGNTYLHWYLQKPGQSPRLLIYRVSNRFPGVPDRFSGSGSGTDFTLKISRVEAEDVGVYYCSQSTHVPYTFGQGTKLEIK,17
110,7x9e,EVQLVESGGGVVQPGGSLRLSCEASGFSFKDYGMHWIRQTPGKGLEWISRISGDTRGTSYVDSVKGRFIVSRDNSRNSLFLQMNSLRSEDTALYYCAALVIVAAGDDFDLWGQGTVVTVSS:QSALTQPLSVSGSPGQSVTISCTGSSSDIGSYNFVSWYRQYPGKAPKVMIYEVNKRPSGVPVRFSGSKSGNTASLTVSGLQHEDEADYYCCSYGGRNNLIFGGGTKLTVL,14
111,7phw,AVTLDESGGGLQTPGGALSLVCKASGFDFSSYAMGWVRQAPGKGLEYVAGIRNDGSFTLYTPAVKGRATISRDNGQSTVRLQLNNLRAEDTATYFCTKSADDGGHYSDFSGEIDAWGHGTEVIVSS:ALTQPSSVSANPGETVKITCSGSTYNYGWYQQKSPGSAPVTVIYYNDKRPSDIPSRFSGSKSGSTGTLTITGVQAEDEAVYYCGNSDSRNVAFGAGTTLTVL,19
112,7rxl,EVHLVESGGGLVKPGGSLRLSCAASGFTFSSYTMNWVRQAPGKGLEWVSSISSSSTYIYYADSVRGRFTISRDNAKNSLYLQMNSLRAEDSAVYYCARRAGGFDAYYFDYWGQGTLVTVSS:SYELTQPPSVSVSPGQTASITCSGDKLGDKFACWYQQKPGQSPVLVIYQDTKRPSGIPERFSGSNSGNTATLTISGTQAMDEADYYCQAWDSSTVVFGGGTKVTVL,14
113,7mzk,LVQLVQSGAEVKKPGASVKISCKASGYTFTSYYMHWVRQAPGQGLEWMGIINPSGGGTSYAQKFQGRVTMTRDTSTSTVYMELTSLRSDDTAVYYCAKDRVTIFWGNGMDVWGQGTTVTVSS:DIVMTQSPVSLAVSLGERATIKCKSSQSVLYSSNNKNYLGWYQQKPGQPLRLLIYWASTRESGVPDRFSGSGSGTDFTLTISSLQAEDVAVYYCHQYSTTPLTFGGGTKVEIK,15
114,7mdj,EVQLVESGGGLVQPGGSLRLSCAASGYTFTSDWIHWVRQAPGKGLEWIGEIIPSYGRANYADSVKGRFTISADTSKNTAYLQMNSLRAEDTAVYYCARERGDGYFDYWGQGTLVTVSS:DIQMTQSPSSLSASVGDRVTITCRASQSIGTDIHWYQQKPGKAPKLLIKYASESISGVPSRFSGSRSGTDFTLTISSLQPEDFATYYCQQSNRWPFTFGQGTKVEIK,11
115,7v5n,EVQLVESGGGLVQPGGSLRLSCAASGYTFTNYGMNWVRQAPGKGLEWVGWINTYTGEPTYAADFKRRFTFSLDTSKSTAYLQMNSLRAEDTAVYYCAKYPHYYGSSHWYFDVWGQGTLVTVSS:DIQMTQSPSSLSASVGDRVTITCSASQDISNYLNWYQQKPGKAPKVLIYFTSSLHSGVPSRFSGSGSGTDFTLTISSLQPEDFATYYCQQYSTVPWTFGQGTKVEIK,16
116,7lf7,EVMLVESGGGLVRPGGSLKLSCTASGFTFSRCAMSWVRQTPEKRLEWVSAISRDSTYTYYSDSVKGRFTVSRDNAKNTLYLQMSSLRSEDTAMYYCARQIDDYYVDALDYWGQGTSVTVSS:DVQITQSPSYLAASPGETITINCRASKIISKYLAWYQEKPGKTIKLLIYSGFTLQSGIPSRFSGSGSGTDFTLTISSLEPEDFAMYYCQQHNEYPLTFGAGTKLEIK,14
117,7amq,QVQLVQSGAEVKKPGASVKVSCKASGYTFTGYVMHWVRQAPGQGLEWMGFINPYNDDIQSNERFRGRVTMTRDTSISTAYMELSRLRSDDTAVYYCARGAGYNFDGAYRFFDFWGQGTMVTVSS:DIVMTQSPLSLPVTPGEPASISCRSSQRLVHSNGNTYLHWYLQKPGQSPRLLIYRVSNRFPGVPDRFSGSGSGTDFTLKISRVEAEDVGVYYCSQSTHVPYTFGQGTKLEIK,17
118,7phu,EVQLVQSGAEVKKPGASVKVSCKASGYTFTDYYIHWVRQAPGQGLEWMGWINPNSGGTNYAQKFQGWVTMTRDTSISTTYMELSRLRSDDMAVYYCARDLWFGESPPYYGVDVWGQGTTVTVSS:SYELTQPPSVSVAPGKTAKITCGGNNIGSYSVHWYQQKPGQAPVLVIYYDSDRPSGIPERFSGSNSGNTATLTISRVEVGDEADYFCQVWDTNTDHVVFGGGTKLTVL,17
119,7rnj,EVQLVQSGAEVKKPGASVKVSCKASGYTFTSQYMHWVRQAPGQGLEWIGIINPSGVHTSYAQKFQGRVTLTRDTSTSTLYMELSSLRSEDTAVYYCARGSPKGAFDYWGQGTLVTVSS:EIVMMQSPGTLSLSPGERATLSCRASQSVRSNYLAWYQQKPGQAPRLLIYGASSRATGIPDRFSGSGSGTDFTLTISRLEPEDFAVYYCQQYGSSPPRFTFGPGTKVEIK,11
120,7u2e,EVQLVESGGGLVKPGGSLRLSCAASGFTFSSYYMNWVRQAPGKGLEWVSSISSDGYNTYYPDSLKGRFTISRDSAKNSLYLQMNSLRADDTAVYYCARDFSGHTAVAGTGFEYWGQGTLVTVSS:QPVLTQPPSVSGAPGQRITISCTGSSSNIGAGYDVHWYQQLPGTAPKLLIYGSSSRPSGVPDRFSGSKSGTSASLAITGLQAEDEADYYCQSYDSSLSVLYVFGTGTKVTVL,17
121,7zf6,EVQLVESGPEVKKPGTSVKVSCKASGFSFSMSAMQWVRRARGQRLEWIGWIVPGSGNANYAQKFQERVTITRDESTNTGYMELSSLRSEDTAVYYCAAPHCNKTNCYDAFDIWGQGTMVTVSS:AIRMTQSPGTLSLSPGERATLSCRASQSVRSSYLAWYQQKPGQAPRLLIYGASTRATGIPDRFSGSGSGTDFILTINRLEPEDLAVYYCQQFGSSPWTFGQGTKVDIK,16
122,7q0i,EVQLVESGGGVVQPGRSLRLSCAASGFTFSSYGMHWVRQAPGKGLEWVAVIWYDGSNNFYADSVKGRFTISRDNFKNTLYLQMNSLRAEDTAVYYCARSYCSGGFCFGYYYGLDVWGQGTTVTVSS:SYELTQPPSVSVAPGKTATITCGGNNIGTKSVHWYQQKPGQAPVLVIYYNSDRPSGIPERFSGSNSGNTVTLTISRVEAGDEADYYCQVWDSGSDHYVFGTGTKVTVV,19
123,7qf1,QVQLVQSEAEVKKPGSSVKVSCKASGGTYSSYAISWVRQAPGQGLEWMGGIIPILGIANYAQKFQGRVTITADKSTSTAYMELSSLRSEDTAVYYCARLPYYYDSSGYYYFDYWGQGTLVTVSS:DIQMTQSPSSLSASVGDRVTITCRASQSISSYLNWYQQKPGKAPKLLIYAASSLQSGVPSRFSGSGSGTDFTLTISSLQPEDFATYYCQQSYSNPWTFGQGTKVEIK,17
124,7n6p,QVQLVQSGAEVKKPGSSVKVACKVSGGTFSSYTISWVRQAPGQGLEWMGGIIPSFGVGHYSQKFRDRVTLTADKSTTTAFLELSSVRSEDTALYYCAILGTFNWKSGGNYFGPWGQGTLVTVSS:DIVLTQSPDSLAASLGERATISCKSSHSVLYSSNNKDFFAWYQQKPGQPPKLLISWASTRESGVPVRFNGGGSGTHFTLTISSLQAEDVAVYYCQQYFSSPITFGQGTRLEIK,17
125,7kkh,QVQLQESGGGLVQPGRSLRLSCAASGFTFSSYAMHWVRQAPGKGLEWVAVISYDGSNKYYADSVKGRFTISRDNSKNTLYLQMNSLRAEDTAVYYCARDYDWQYFDYWGQGTLVTVSS:VVTQPPSVSAAPGQEVTISCSGSSSNIGNNYVSWYQHLPGTAPKLLIYDSDKRPSGIPDRFSGSKSGTSATLGVTGLQTGDEADYYCGTWDSSLSAVMFGGGTKLTVL,11
126,7kql,QLQLQESGPGLVKPSETLSLTCTVSGGSISSRSYYWGWIRQPPGKGLEWIGSIYYSGFTYYQPSLKSRVTISVDTSKNQFSLKLSSVTAADTAVYYCATGGPYGDYAHWFEPWGQGTLVTVSS:EIVLTQSPGTLSLSPGERATLSCRASQSVSSSYLAWYQQKPGQAPRLLIYGASSRATGIPDRFSGSGSGTDFTLTISRLEPEDFAVYYCQQYGSSPITFGQGTRLEIK,15
127,7vyt,EVQLVQSGAEVKKPGASVKVSCKASGYTFTSYYMHWVRQAPGQGLEWMGIINPSGGSTSYAQKFQGRVTMTRDTSTSTVYMELSSLRSEDTAVYYCASRSGSGWFGALDYWGQGTLVTVSS:EIVLTQSPGTLSLSPGERATLSCRASQSVSSSYLAWYQQKPGQAPRLLIYGASSRATGIPDRFSGSGSGTDFTLTISRLEPEDFAVYYCQQYGSSPGGTFGQGTKVEIK,14
128,7sbu,QVQLVQSGAEVKKPGSSVKVSCKASGGTFSSYTISWVRQAPGQGLEWMGRIIPILDRVMYAQKFQGRVTITADKSTSTAYMELSSLRSEDTAVYYCARRAIDSDTYVEQSHFDYWGQGTLVTVSS:EIVMTQSPATLSLSPGERATLSCRASQSVSSYLAWYQQKPGQAPSLLIYDASNRATGIPARFSGSGSGTDFTLTISSLEPEDFAVYYCQQPLTFGGGTKVEIK,18
129,7u0a,EVQLVESGGGVVQPGRSLRISCAVSGFTFGSYAMHWVRQAPGKGLEWVGVMSSDGHNEYYADSVKGRFTISRDNSRNKLYLEMNNLRVDDTAVFYCARGSDYVDDSPPLHYWGQGTLVTVSS:DIQLTQSPSSLSASIGDRVTITCRASQDIANKLAWFQQAPGKAPKSLIYAASRLQSGVPSQFSGSGSGTDFTLTIESLQAGDFATYFCQQYDSFPFTFGPGTKVDVK,15
130,7sn1,QVQLVESGGGVVQPGRSLRLSCAASGFTFSSYGMHWVRQAPGKGLEWVAVIWYDGTNTYYADSVKGRFTISRDNSKNTLYLQMNSLRAEDTAVYYCARDLAYRDYVWRYFDLWGRGTLVTVSG:EIVLTQSPATLSLSPGERATLSCRASQSVSTYLAWYQQKFGQAPRLLIYDASNRATGIPARFSGSGSGTDFTLTISSLEPEDFAVYYCQCRSNWPPGITFGQGTRLEIK,16
131,7rdk,QVQLQQWGAGLLKPSETLSLTCAVYGGSLSGNFWSWIRQPPGKGLEWIGEINHSGETNHNPSLKRRVTLSVDTSKNQFSLKLSSVTAADTAVYYCARGGPKVYYEYWSGYVNNCFDPWGQGTLVTVSS:EIVLTQSPGTLSLSPGERATVSCRASQSVSASNLAWYQQKPGQAPRLLIYGVSSRPTGIPDRFSGSGSGTDFTLTVSRLEPEDFAVYYCQQYGSSPTFGQGTKVEIK,22
132,7n3g,EVQLVESGGGLIQPGGSLRLSCAASGFTVSSNYMSWVRQAPGKGLEWVSVIYSGGSTYYADSVKGRFTISRDNSKNTLYLQMNSLRAEDTAVYYCARDLYSSGGTDIWGQGTMVTVSS:EIVLTQSPGTLSLSPGERATLSCRASQSVSSSYLAWYQQKPGQAPRLLIYGASSRATGIPDRFSGSGSGTDFTLTISRLEPEDFAVYYCQQYGSSPGTFGQGTKVEIK,12
133,7bh8,EVQLQESGPELVKPGASVKIPCKASGYTFTDYNMDWVKQSHGKSLEWIGDINPNNGGTIYNQKFKGKATLTVDKSSSTAYMELRSLTSEDTAVYYCARPDYYGSSYGWYFDVWGTGTTVTVSS:DIVITQSPSSMYASLGERVTITCKASQDINSYLSWFQQKPGKSPKTLIYRANRLVDGVPSRFSGSGSGQDYSLTISSLEYEDMGIYYCLQYDEFPLTFGAGTKLELK,16
134,7lr3,EVQLVESGGGLVKPGGSLKLSCAASEFTFSDYGMHWVRQAPEKGLEWVASISSGSNSIYYSDTVKGRFTISRDNAKSILFLQMTSLRSEDTAMYYCSREAYFAMDYWGQGTSVTVSS:DIQMTQSPSSLSAILGGKVTITCKASQDIHKYIAWYQHKPGKGPRLLIYYTSTLQPGIPSRFSGSGSGRDYSFSISNLEPEDVATYFCLQYDNLYTFGGGTKVEIE,10
135,7n0u,QVQLQESGPGLVKPSETLSLTCSVSGGSITNYFWTWIRQSPGKGLEWIGYIYYSGGTNYNPSLKSRVTISIDTSKNQFSLNMNSVTAADTAVYYCAGSYYYGVDVWGQGTTVTVSS:EIVLTQSPATLSLSPGERATLSCRASQSIKSFLAWYRQKPGQAPRLLIYDASNRPTGIPARFSGSGSGTDFTLTINSLESEDFAVYFCQQRNNWPFTFGPGTKVDIK,10
136,7mf7,EVRLVESGGGLVKPGGSLRLSCSASGFDFDNAWMTWVRQPPGKGLEWVGRITGPGEGWSVDYAESVKGRFTISRDNTKNTLYLEMNNVRTEDTGYYFCARTGKYYDFWSGYPAGEEYFQDWGQGTLVIVSS:ASELTQDPAVSVALKQTVTITCRGDSLRSHYASWYQKKPGQAPVLLFYGKNNRPSGIPDRFSGSASGNRASLTITGAQAEDEADYYCSSRDKSGSRLSVFGGGTKLTVL,22
137,7u0e,EVQLVQSGPEVKKPGTSARVSCKASGFTSKNTALQWVRQARGQPLEWMGWIDISNYITNYAQKFRGRLTITWDLSASMAYMELSSLRSEDTAVYYCAAVGKDDDVLTGGNKYFDHWGQGTLVTVSS:SYELTQPPSVSVSPGQTARITCSGDALPKKYAYWYQQKSGQAPVLVIHEDDKRPSGIPGRFSASSSGTTATLTISGAQVEDEADYYCYSTDTNDNHAFGSGTKLTVL,19
138,7tcq,EVQFQQSGTVLARPGASVKMSCKASGYTFTNYWIHWVKQRPGQGLEYIGGTYPGNGDTTYNQKFKGKAKVTAVTPTSTAYMDLSSLTNEDSAVYYCTRTGSYFDYWGQGTTLTVSS:QIVLTQSPAIMSASPGEKVTISCSATSSVSYIYWYQQRPGSSPKPWIYRTSNLASGVPVRFSGSGSGTSYSLTISNMEAEDAATYYCQQYQSYPPTFGAGTKLELK,9
139,7n3c,EVQLVQSGAEVKKPGESLRISCKGSGYSFSSYWISWVRQMPGKGLEWMGRIDPSDSNTNYSPSFQGHVTISADKSISTAYLQWSSLKASDTAMYYCARLSVRVWFGELPHYGMDVWGQGTTVTVSS:EIVLTQSPATLSLSPGERATLSCRASQSVSSYLAWYQQKPGQAPRLLIYDASNRASGIPARFSGSGSGTDFTLTISSLEPEDFAVYYCQQRRNWPLTFGGGTKVETK,19
140,7bg1,QVQLQQSAAELARPGASVKMSCKASGYSFTTYTIHWVKQRPGQGLEWIGYINPSSGYAAYNQNFKDETTLTADPSSSTAYMELNSLTSEDSAVYYCAREKFYGYDYWGQGATLTVSS:DVLMTQIPLSLPVSLGDQASISCRSSQSIVHRNGNTYLEWYLLKPGQSPKLLIYKVSNRFSGVPDRFSGSGSGTDFTLKISRVEAEDLGVYYCFQGSHVPYTFGGGTKLEIR,10
141,7rxj,EVQLVESGGGLVQPGGSLRLSCVASGFNFTTYSMNWVRQAPGKGLEWVSYISSHSNLIYYATSVKGRFTISRDNAKNSLYLQMNSLRAEDTALYYCARGGSLHPSAGADWIDPWGQGTLVTVSS:SYELTQAPSVSVSPGQTATITCSGDKLGDKFTSWYQQKPGQSPVLVIYQDSKRPSGIPERFSASNSGNTATLTISGTRAMDEADYYCQAWDSNTYVFGTGTRVAVL,17
142,7te4,DVKLQESGGGLVQPGGSLKLSCAASGFTFSSYTMSWVRQTPEKRLEWVAYISNGGGGTYYPDTVKGRFTISRDNAKNTLYLQMNSLKEDTAMYYCARPSRGGSSYWYFDVWGAGTTVTVSS:DIQMTQSPSSLSASLGGKVTITCKASQDINKYIAWYQHKPGKGPRLLIHYTSSLQPGIPSRFSGSGSGRDYSFSISNLEPEDIATYYCLQYDNLYTFGGGTKLEIK,15
143,7rpt,EVQLLESGGGLVKPGGSLRLSCAASGFTFNEYMMNWVRQPPGKGLEWVSSISGTSTYINYADSVKGRFTISRDNAKNSLYLQMNSLRSDDTAMYYCARGSTGGYWGQGTLITVSS:DIVMTQTPLSSAVTLGQPASISCRSSQRLVHSDGNTYLSWLHQRPGQPPRLLIYKVSLRFSGVPDRFSGSGAGTDFTLKISRVEAEDVGIYYCMQATQFPLTFGGGTKVEIK,8
144,7a0x,AVTLDESGGGLQTPGGGLSLVCKASGFTFSDYGMGWVRQAPDKGLEWVAGIYTTGSGTRYGAAVKGRATISRDNGQSTVRLQLNNLRAEDTGTYYCAKSTGRDYYGGGIDAWGHGTEVIVSS:ALTQPSSVSANPGGTVKITCSGGTYSYGWFQQKSPGSAPVTVIYWNDKRPSNIPSRFSGSKSGSTHTLTITGVRAEDEAVYFCGSADSSGTAIFGAGTTLTVL,15
145,7q4q,QVQLVQSGAEVKKPGSSVKVSCKASGYTFSGYWMNWVRQAPGQGLEWIGQIYPGDGDTNYNGKFKGRVTITADKSTSTAYMELSSLRSEDTAVYYCARSITTVVLDYWGQGTTVTVSS:DIVLTQSPDSLAVSLGERATISCRASQSVSTSGYSFMHWYQQKPGQPPKLLIKYASNLESGVPARFSGSGSGTDFTLTISSLQPEDFATYYCQHSWEMPLTFGQGTKLEIK,11
146,7vyr,QVQLQQSGAEVKKPGSSVKVSCKASGGTFGNWSISWVRQAPGQGLEWMGGIDPSRGEATYAQKFQGRVTITTDESTSTAYMELSSLRSEDTAVYYCARETEQGGMDVWGQGTTVTVSS:SYELTQPPSVSVAPGKTARITCGGNNIGRKSVHWYQQKPGQAPVLVVYDDSDRPSGIPERFSGSNSGNTATLTISRVEAGDEADYYCQVYDLFSDYVFGTGTKVEIK,11
147,7b0b,QMQLVQSGPEVKKPGTSVKVSCKASGFTFTSSAVQWVRQARGQRLEWIGWIVVGSGNTNYAQKFQERVTITRDMSTSTAYMELSSLRSEDTAVYYCAAPHCSSTICYDGFDIWGQGTMVTVSS:EIVLTQSPGTLSLSPGERATLSCRASQSVSSSYLAWYQQKPGQAPRLLIYGASSRATGIPDRFSGSGSGTDFTLTISRVEPEDFAVYYCQQYGSSPWTFGQGTKVEIK,16
148,7m2i,QVQLQQPGAELVKPGASVKLSCKASGYTFTSDWIHWVKQRPGHGLEWIGEIIPSYGRANYNEKIQKKATLTADKSSSTAFMQLSSLTSEDSAVYYCARERGDGYFAVWGAGTTVTVSS:DILLTQSPAILSVSPGERVSFSCRASQSIGTDIHWYQQRTNGSPRLLIKYASESISGIPSRFSGSGSGTDFTLSINSVESEDIANYYCQQSNRWPFTFGSGTKLEIK,11
149,7kyo,EVMLVESGGGLVKPGGSLKLSCAASGITFSSYAMSWVRQTPEKRLEWVASISSGGSTYYPDSVKGRFTISRDNARNILYLQMSSLRSEDTAMYYCARGPMALLYYRGFDYWGQGTTLTVSS:DIVMTQSPASLAVSLGQRATISCKASQSVDYDGDSYMNWYQQKPGQPPQLLIYAASNLESGIPARFSGSGSGTDFTLNIHPVEEEDAATYYCQQSNEDPWTFGGGTNLEIK,15
150,7a3u,EVQLVESGAEVKKPGASVKVSCKASGYTFTSYAMHWVRQAPGQRLEWMGWINAGNGNTKYSQKFQDRVTITRDTSASTAYMELSSLRSEDTAIYYCARDKVDDYGDYWFPTLWYFDYWGQGTLVTVSS:QSALTQPASVSGSPGQSITISCTGTSSDVGGFNYVSWFQQHPGKAPKLMLYDVTSRPSGVSSRFSGSKSGNTASLTISGLQAEDEADYYCSSHTSRGTWVFGGGTKLTVL,21
151,7uem,EVQLVESGGGLVQPGGSLRLSCAASGFIFRDSWMTWVRQAPGKGPEWVADINQGGSHKYYVDSVKGRFTISRDDAKNSLYLQMNSLRAEDTAVYYCARDPEFGALDYWGQGALVTVSS:DVVMTQSPLSLPVTLGQPASISCRSSQSLVYSDGNTYLAWFQQRPGQSPRRLIYRVSNRDSGVPDRFSGSGSGTDFTLKISRVEAEDVGVYYCLQGTHGPHTFGQGTNLEIK,11
152,7n4i,EVQLVQSGAEVKKPGESLKISCKGSGYSFISYWIAWVRQMPGKGLEWMGIIYPGDSDTTYSPSFQGQVTISADKSISTAYLQWSSLKASDTAIYYCARLLYYSDSSPLDSWGQGTLVTVSS:DIQMTQSPSSLSASVGDRVTITCRASQSISTYLNWYQQKPGKAPNLLIYAASSLQSGVPSRFSGSGSGTDFTLTISSLQPEDFATYYCQQSHSTPRTFGPGTKVDIK,14
153,7u2d,EVQLVESGGGLVKPGGSLRLSCAASGFTFSSYYMNWVRQAPGKGLEWVSSISEDGYSTYYPDSLKGRFTISRDSAKNSLYLQMNSLRADDTAVYYCARDFSGHTAWAGTGFEYWGQGTLVTVSS:QPVLTQPPSVSGAPGQRITISCTGSSSNIGAGYDVHWYQQLPGTAPKLLIYGSSSRNSGVPDRFSGSKSGTSASLAITGLQAEDEADYYCQSYDSSLSVLYTFGTGTKVTVL,17
154,7eyc,QVQLQESGPGLVKPSQTLSLTCTVSGDSITSGYWNWIRQPPGKGLEYIGYIRYSGRTYYNPSLKSRVTISRDTSKNQFSLKLSSVTAADTAVYYCASVYFTYWGQGTLVTVSS:DVVMTQTPLSLPVTLGQPASISCKSSQSLLDSDGKTYLNWFQQRPGQSPKRLISLVSKLDSGVPDRFSGSGSGTDFTLKISRVEAEDVGVYYCWQGSHFPYTFGQGTKLEIK,7
155,7qf0,EVQLVESGGGLIQPGGSLRLSCAASGFTVSRNYMSWVRQAPGKGLEWVSVIYSGGSTFYADSVKGRFTISRDNSKNTLYLQMNSLRAEDTAVYYCARDGDYYGMDVWGQGTTVTVSS:DIQMTQSPSFLSASVGDRVTITCRASQGISSFLAWYQQKPGKAPKLLIYGASTLQSGVTSRFSGSGSGTEFTLTISSLQPEDFATYYCQRLDSYPPITFGQGTRLEIK,11
156,7mzh,EVQLVQSGAEVKKPGASVKVSCKASGYTFTGYYMHWVRQAPGQGLEWMGRINPNSGGTNYAQKFQGRVTMTRDTSISTAYMELSRLRSDDTAVYYCARSYYDYWGQGTLVTVSS:QSVLTQPPSVSEAPRQRVTISCSGSSSNIGHNAVHWYQQLPGKAPKLLIYYDDLLPAGVSDRFSGSKSGTSASLAISGLQSEDEADYYCAAWDDILNGPVFGGGTKLTVL,7
157,7syy,QIQLVQSGPELKKPGETVKISCTTSGYTFTNYGLNWVKQAPGKGFKWMAWINTYTGEPTYADDFKGRFAFSLETSASTTYLQINNLKNEDMSTYFCARSGYYDGLKAMDYWGQGTSVTVSS:DVLMIQTPLSLPVSLGDQASISCRSSQSLIHINGNTYLEWYLQKPGQSPKLLIYKVSNRFSGVPDRFSGSGSGTDFTLKISRVEAEDLGVYYCFQGSHVPFTFGAGTKLELK,14
158,8dao,QVQLVESGGGVVQPGRSLRLSCAASGLTFSGYAMHWVRQAPGKGLEWVAVISRDARNKYYADSVKGRFTISRDNSKKTVYLEMNSLRVEDTAVYYCAILIIPGITEPGSPDALDIWGQGTMVSVSS:DIQMTQSPSSMSASVGDRVTITCRASQDISKWLAWYQQRPGKAPKLLIYAASSLQSGVPSRFSGSGSGTDFTLTISSLQPEDFATYYCQQASSFPWSITFGQGTRLEIR,19
159,7bbg,QVQLVQSGAEVKKPGSSVKVSCKASGGTFSSYAISWVRQAPGQGLEWMGGIIPIFGTANYAQKFQGRVTITADKSTSTAYMELSSLRSEDTAVYYCARSIELWWGGFDYWGQGTTVTVSS:DIQMTQSPSTLSASVGDRVTITCRASQSISSWLAWYQQKPGKAPKLLIYDASSLESGVPSRFSGSGSGTEFTLTIGSLQPDDFATYYCQQYEDYTTFGQGTKVEIK,13
160,7shu,EVQLVESGGGLVQPDGSLRLSCAVSGYNITSGYSWNWIRQTPGKGLEWVASVTYDGSTNYNPSVKGRITISRDGSKNTFYLQMNSLRAEDTAVYYCAKGNNYFGHWHFAVWGQGTLVTVSS:DIQLTQSPSSLSASVGDRVTITCRASKSVDSDGDSYMNWYQQKPGRAPKLLIYAASYLESGVPSRFSGSGSGTDFTLTISSLQPEDFATYYCQQSHEDPYTFGQGTKVEIK,14
161,7l79,QVQLIQSGPQFKTPGASVTVSCKASGYIFTDYLIHWVRLVPGKGLEWLGRINTNAGLMYLSHKFEGRLILRRVVDWRTPSLGTVNMELRNVRSDDSAIYFCGRVVDGFNAAGPLEFWGQGSPVIVSS:QVVMTQSPATLSLSPGETAAVSCRASQYVDRSISWYQLKTGRAPRLLVYAASSRSIGVPDRFSGSGSGRDFTLTIRGVQSDDFALYYCQQDYYWPVTFGQGTRLDMK,15
162,7jkm,EVHLVESGGGLVQPGRSLRLSCAASGFTFDDYTMHWVRQAPGKGLEWVSDISWNSGSIGYADSVKGRFTVSRDNAKNSLYLQMNSLRGEDTAIYYCAKDMSGYGHYGKYGMDVWGQGTTVTVSS:DIQMTQSPILLSASVGDRVTITCRASQSIRSYLNWYQQRTNGSPRLLIYAASSLQSGVPSRFSGSGSGTDFTLTINSLQPDDEADYYCQQTYSNPPITFGAGTRLEIK,17
163,7n04,QVQLVQSGGGVVKPGASLRLACSASGFTFTDYYMSWIRQTPGKGLQWLAYITKDGSEKKYADSLQGRFAVSRDNANNLVFLQLNTVEDDDTGVYYCARDDGYYDRSGYYGVFDLWGQGIRVTVSS:EFLLTQSPDSLAVTLGETATITCRSSRNILHSLNNKNYLAWYQQRPGQAPKLLVIWASMRVSGVADRFSGSGSGTDFALTISSLQPEDAAVYYCQHYYTTHRTFGQGTRVEIR,18
164,7n3f,EVQLVQSGAEVKKPGESLNISCKASGYSFTIYWIAWVRQLPGKGLEWMGIIYPGDSDTRYSPSFQGQVTISADKSISTAYLQWRSLKASDSAVYYCARGVAVDWYFDLWGRGTLVTVSS:QSVLTQPPSVSGAPGQRVTISCAGSSSNIGAGFDVYWYQQLPGTAPKLLIYGNNNRPSGVPDRFSGSKSGTSASLAITGLQAEDEADYYCQSSGSVLSDLYVFGTGTKVTVL,12
165,7f7e,EVQLLESGGGLVQPGGSLRLSCAASGFTFSSYAMSWVRQAPGKGLEWVSAIVGSGGSTYYADSVKGRFIISRDNSKNTLYLQMNSLRAEDTAVYYCAKSLIYGHYDILTGAYYFDYWGQGTLVTVSS:AQMTQSPSSVSASVGDRVTIPCRASQGIGNWLAWYQQKPGKAPKLLIYAASSLQSGVPSRFSGSGSGTDFTLTISSLQPEDFATYYCQQANSFPPFGQGTRLEIK,20
166,7seg,EVQLVQSGAEVKKPGESLKVSCKASGYTFTSYYMHWVRQAPGQGLEWMGAIEPMYGSTSYAQKFQGRVTMTRDTSTSTVYMELSSLRSEDTAVYYCARGSAYYYDFADYWGQGTLVTVSS:SYVLTQPSSVSVAPGQTATISCGGHNIGSKNVHWYQQRPGQSPVLVIYQDNKRPSGIPERFSGSNSGNTATLTISGTQAMDEADYYCQVWDNYSVLFGGGTKLTVL,13
167,8d6z,QVQLVESGGGVVHPGGSLRLSCAASGFTFSDFAMNWVRQAPGEGLQWVAIISYDGRNKHFAASVRGRFTISRDNSKNTMFLQMSSLRAEDTAIYYCATLGGWFEEASPTYWGRGTLVTVSS:EVVLTQSPAIVSLSPGERATLSCRASQSVGSRLAWHQQKPGLAPRVLIYDASNRATGIPARFSGSGSGTDFTLTISSIEPEDSAVYYCQQRGDWPLITFGQGTRLEIK,14
168,6xp6,QVQLVQSGAEVKKPGSSVKVSCKASGGTVRSRVHAISWVRQAPGQGLEWMGGIIPIFGTANYAQKFQGRVTITADESTSTAYMELSSLRSEDTAVYYCARDVQRMGMDVWGQGTTVTVSS:DIQMTQSPSSVSTSVGDRVTITCRASQDISNWLAWYQQKPGKAPKLLIYDSSTLQSGVPSRFSGSGSGTDFTLTISTLQPEDFATYYCQQFNSYPLTFGGGTKVDIK,11
169,7s8h,EVQLVQSGGGLVRPGGSLRLSCAAAGFTFKSYSMNWVRQAPGRGLEWVSSITSGGSKTYYADVVKGRFTVSRDNAKQSLYLQMNSLRAEDTAIYFCARSLHSTSQPSYMDVWGRKITVIVSS:DIVLTQSPGTLSLSPGERATLSCRASQSVISYYVAWYQHKGGQAPRLLIYGASSRATGVPDRFSGSGSGTDFTLTISSLEPEDFALYYCQYYGSSPLWAFGQGTKVEIK,15
170,7fjs,QVQLQQPGTELVNPGASLKMSCKTSGYRFTSYIIHWVKQTPGQGLEWIGAIFPENDDTSYSQKFKGKATLTTDTSSSTAYMQLSSLTSEDSAVYYCARDGENVLDYWGQGTSVTVSS:QIVLTQSPSSLAVSVGEKVTLSCKSSQSLLYSNNQKNYLAWYQQKSGRSPKLLLHWTSTRESGVPDRFTGSGSGTDFTLTISSVKAEDLAVYYCQQYYTYPWTFGGGTKLEIK,10
171,7lr4,EFQLLQSGPELVKPGASVKISCKASDYSLSDYNMNWVRQRSGKSLEWIGVINPNHGTTHYNQKFKGKATLTVDQSSSTAYMQLTSLTSEDSAVYYCASPIHYGNHVPFDYWGQGTTVTVSS:DIQMTQTTSSLSASLGDRVTISCRTGQDISNYLNWYQQKPDGTVKLLIYFTSRLHSGVPSRFSGSGSGTDYSLTISNLEQEDIATYFCQQGITLPWTFGGGTKLEIK,14
172,7u0b,QVQLVQSGAEVKKPGSSVKVSCKASGGTFSSYAISWVRQAPGQGLEWMGGFVPISLTARYAQKFQGRVTMTADESTSTAYMELSSLRSEDTAVYYCAGALPRFCSGGRCSGWFDPWGQGTLVTVSS:DIQMTQSPSSLSASVGDRVTITCRAGQNINNYLNWYQQKPGKAPKVLIYAASNLQSGVPSRFSGSGSGTDFTLTISSLQPEDFATYYCQQSHSTVRTFGQGTKVEIK,19
173,7n3d,QVQLQESGPGLVKPSETLSLTCTVSGGSISSYYWSWIRQPPGKGLEWIGYVYYSGNTKYNPSLKSRVTISVDTSKNQFSLKLGSVTAADTAVYYCARHSRIEVAGTLDFDYWGQGTLVTVSS:DIQMTQSPSSLSASVGDRVTITCRASQSIRSYLNWYQQKRGKAPKLLIYAASSLQSGVPSRFSGSGSGTDFTLTISSLQPEDFATYYCQQSYSTPPTFGQGTKVEIK,16
174,7sjs,EVQLLESGGGLVQPGGSLRLSCAASGFTFSSYVMTWARQAPGKGLEWVSAISGTGYTYYADSVKGRFTVSRDNSKNTLFLQMSSLRAEDTAVYYCAITMAPVVWGQGTTVTVSS:SYELTQPPSVSVSPGQTARITCSGDALPKRYAYWYQQKSGQAPILVIYEDKKRPSGIPERLSGSKSGTVATLTISGAQVEDEADYYCYSTDSSGNHAVFGGGTQLTVL,8
175,7keo,EVQLVESGGGLVQPGGSLRLSCAASGFNVSYSSIHWVRQAPGKGLEWVASIYSYYGSTYYADSVKGRFTISADTSKNTAYLQMNSLRAEDTAVYYCARYGFAGQPETWYAMDYWGQGTLVTVSS:DIQMTQSPSSLSASVGDRVTITCRASQSVSSAVAWYQQKPGKAPKLLIYSASSLYSGVPSRFSGSRSGTDFTLTISSLQPEDFATYYCQQAYVEPITFGQGTKVEIK,17
176,7mzj,EVQLLESGGGLVQPGGSLRLSCAASGFTFSRFAMTWVRQAPGKGLEWVSAISGSGGSTYYADSVKGRFTISRDNSKNTLYLQMNSLRAEDTAVYYCAKVGWGAFDIWGQGTMVTVSS:QSVLTQPPSASGTPGQSVSISCSGTYSNIGSNPVNWYQQVPGTAPKLLIYANDQRPSGVPDRFSGSKSATSAFLAIGGLQSEDDADYYCSTWDDSLPGPLFGGGTKLTVL,10
177,7mdp,EVQLQESGPGLVKPPGTLSLTCAVSGGSISSSNWWSWVRQPPGKGLEWIGEIYHSGSTNYNPSLKSRVTISVDKSKNQFSLKLSSVTAADTAVYYCARGSSSWYDLGPFDYWGQGTLVTVSS:SVLTQPPSASGTPGQRVTISCSGSSSNIGSNYVYWYQQLPGTAPKLLIYRNNQRPSGVPDRFSGSKSGTSASLAISGLRSEDEADYYCAAWDERLSGWVFGGGTKLTVL,15
178,7e9b,QVQLVESGGGLVKPGGSLRLSCAASGFTFSNYGMSWIRQAPGKGLEWVSTISGGGSNIYYADSVKGRFTISRDNAKNSLYLQMNSLRAEDTAVYYCVSYYYGIDFWGQGTSVTVSS:DIQMTQSPSSLSASVGDRVTITCKASQDVTTAVAWYQQKPGKAPKLLIYWASTRHTGVPSRFSGSGSGTDFTLTISSLQPEDFATYYCQQHYTIPWTFGGGTKLEIK,9
179,7skz,EVQLVESGGGLVLPGGSLRLSCSASGFTFSDFSMHWVRQSPGKGLEYVSAITSSGSSTYYPDSVKGRFTISRDNSKNTLYLQMGSLRVEDTAVYWCVKNSDVFRFPHLYFDVWGRGTLVTVSS:DIVMTQSPATLSVSPGDRATLSCRASQSVSSNLAWYQQKPGQAPRLLIYGASTRAAGIPARFSGSGSGTEFTLTISSLQSEDFAVYYCQQYDNWPSITFGQGTRLEIK,16
180,7daa,QSVEESGGRLVTPGTPLTLTCTVSGFSLSDYAMSWVRQAPGKGLEWIGIIYASGSTYYASWAKGRFTISKTSTTVDLKITSPTTEDTATYFCARYYAGSDIWGPGTLVTVSS:DVVMTQTPSSVSAAVGGTVTINCQASQSISAYLAWYQQKPGQPPKLLIYDASDLASGVSSRFKGSGSGTQFTLTISDLECADAATYYCQTYYAIITYGAAFGGGTEVVVK,9
181,7rxi,EVQLVESGGGLVKPGGSLRLSCAASGFNFSTHIMNWVRQAPGKGLEWVSSISSSGTYIYYADSMKGRFTISRDNPKNSLYLQMNSLRAEDTAVYYCARARGFIQFHYYMDVWGKGTTVAVSS:SYVLTQPPSVSVAPGKTARITCGGNNIGSKSVHWHQQRPGQAPVLVVYDDKIRPSGIPERFSGSNSGNTATLIISRVEAGDEADYYCQVWHSSSDPVVFGGGTKLTVL,15
182,7e6p,QVQLQQPGAELVRPGSSVKLSCRASGYTFTSYWVSWVQQRPGQGLEWIGMIHPSDGEARLNQKFKDKATLTVDKSSTTVYMQLSSPTSEDSAVYYCALFDGYYPWFASWGQGTLVTVSA:DIVMTQSPSSLALSVGQKVTMNCKSSQSLLNSDNQKNYLAWYQQKPGQSPKLLIYFASTRESGVPDRFMGSGSGTDFNLSISSVQPEDLADYFCQQHYSPPLSFGAGTRLELK,12
183,7nab,EVQLVESGAEVKKPGESLKISCKGSGYTFTRYWIGWVRQMPGKGLEWMGIIYPGDSDTRYSPSFQGHVTISADKSISTAYLQWNSLKASDTAMYYCARLPQYCSNGVCQRWFDPWGQGTLVTVSS:EIVLTQSPSSVSASVGDRVTITCRASQGISSWLAWYQQKPGKAPKLLIYAASSLQSGVPSRFSGSGSGTDFTLTISSLQPEDFATYYCQQGNSFPYTFGQGTNLEIK,18
184,7k7r,QVQLVESGGGLVKPGGSLRLSCVSSGFTFSNYWMSWVRQAPGGGLEWVANINQDGSEKYYVDSVKGRFTSSRDNTKNSLFLQLNSLRAEDTGIYYCTRDPPYFDNWGQGTLVTVSS:DVVLTQSPLSLPVILGQPASISCRSSQSLVYSDGRTYLNWFQQRPGQSPRRLIYKISKRDSGVPERFSGSGSGTDFTLEISRVEAEDVGIYYCMQGSHWPVTFGQGTKVEIK,9
185,7rd3,QVQLVQSEAEVKKPGASVKVSCKASGYTFTRYAMHWVRQAPGQRLEWMGWIKAGNGDTRYSQKFQGRVTITRDTSASTVYMEMSSLRSEDTAVYYCALLTVITSDDAFDIWGQGTMVTVSL:DIVMTQSPDSLAVSLGERATINCKSSQSVLYSSNNKNYLAWYQQKPGQPPKLLVYWASTRESGVPDRFSGSGSGTDFTLTISSLQAEDVAVYYCHQYYSSPLTFGGGTKVEIK,14
186,7np1,EVQLVQSGGGLVKPGGSLRLSCAASGITVSSNYMSWVRQAPGKGLEWVSVIYSGGSTYYADSVKGRFTISRDNSKNTLYLQMNSLRAEDTAVYYCARGEGGSIVGVTSDYWGQGTLVTVSS:DIQMTQSPSSLSASVGDRVTITCRASQSISRYLNWYQQKPGKAPKLLIYAASSLQSGVPSRFSGSGSETEFTLTISSLHPDDFATYYCQQSYSTLPYTFGQGTKVEIK,15
187,7u09,QVQLQESGPGLVQPSQTLTLTCTVSGDSISNEDYHWTWIRQHPGKGLEWMGYLQYSGNTNYNPSLKSRMTISVDTSKNQFSLRLNSVTAADTAVYFCATSIVLTGMSNKIQPFDYWGQGTLVTVSS:SYELTQPPSVSVSPGQMARITCSGEALPKKYAYWYQQKGGQFPVLVIYKDTERPSGIPERFSGSSSGTIVTLTISGVQPEDEADYYCLSADTSGTWVFGGGTKLTVL,18
188,7n8q,QVQLVQSGAEVKKPGASVKLSCKASGYTFTSYDINWVRQAPGQGLEWMGWMNPKTGNTGYAQKFQGRVTMTRDTSTSTAYMELSSLRSEDTAVYYCATYRIIAAVGYRYFQYWGQGALVTVSS:AIQMTQSPSSLSASVGDKVTITCRASQGFGNYLAWYQQKPGKVPKLLIYAATTLQSEVPSRFSGSGSGTDFTLTISSLQPEDVATYYCQKYNSAPFTFGQGTRLEIK,16
189,7uen,EVKLEESGGGLVQPGRSMKLSCVASGFIFSDYWMNWVRQSPEKGLEWIAQIRTNPYNYETYYSDSVKGRFTISRDDSKSSVYLQMKNLRSEDMGIYYCTWSHYALDNWGQGTSVTVSS:DVVMTQTPLSLPVSLGDQASISCRSSQSLVHSDGNTYFHWYLQKPGQSPKLLIHRISNRFSGVPDRFSGSGSGTDFTLKISRVEAEDLGVYFCSQSTHIPWTFGGGTKLELK,9
190,7n4j,QVQLQESGPGLVKPSETLSLTCSVSGDSISSSDYSWGWIRQPPGKGLEWIGTIYYIKNTYYNPSLRSRVTLSVDTSKNLFSLKLSSVTAADTAVYYCARERPPFDVVVVPAARPYNWFDPWGLGTLVIVSS:QSVLMQPPSVSGAPGQRVTISCTGSSSNIGAGYDVHWYQQLPGTAPKLLIYGNNNRPSGVPDRFSGSKSGTSASLAITGLQADDEADYYCQSYDSSLSGSKVFGGGTKLTVL,23
191,7kba,QVQLVQSGGGLVQPGGSLRVSCAASGFSFSDHDMDWVRQAPGKGFEWVGRSRNKDYSSTTEYAASVRGRFTISRHTSEDLLYLELNTVKTEDTAVYFCARGPHHSDRSGYYGGTFDIWGQGTMVTVSS:DIQMTQSPSSVSASVGDRVIITCRASQGISSWLAWYQQKPGRAPRLLIYDASTLESGVPSRFSGRGSGTEFTLTINSLQPEDFATYYCQQGNMFPLTFGGGTKVEIK,19
192,7pqy,EVQLLESGGGLIQPGGSLRLSCAASGFTVSSNYMSWVRQAPGKGLEWVSVIYSGGSTYYADSVKGRFTISRDNSKNTLYLQMNSLRAEDTAVYYCARDHVRPGMNIWGQGTMVTVSS:AIRMTQSPSSLSASVGDRVTITCQASQDISNYLNWYQQKPGKAPKLLIYDASNLETGVPSRFSGSGSGTDFTFTISSLQPEDIATYYCQQYDNLPVTFGGGTKVDIK,11
193,7mlh,QVQLVQSGAEVKKPGSSVKVSCKASGGTFNTYSLSWVRQAPGQGLEWMGGIIPNFGRGNYAQKFQGRVTITADESSAYMELSSLRSEDTAVYYCATFRLTGYSGSGSYWGQGTLVTVSS:DIQMTQSPSTLSASVGDRVTITCRASQNINNWLAWYQQKPGKAPNLLIYKASTLETGVPSRFSGSGSGTEFTLTISSLQPDDLATYYCQQYHSHRTFGQGTKVEVK,14
194,7pr0,EVQLVESGGGLVQPGGSLRLSCAASGFTFSSYSMNWVRQAPGKGLEWVSYISSSSSTIYYADSVKGRFTISRDNAKNSLYLQMNSLRAEDTAVYYCASPGGITAAGTSVLFGYYGMDVWGQGTTVTVSS:DIVMTQSPLSLPVTPGEPASISCRSSQSLLHSNGYNYLDWYLQKPGQSPQLLIYLGSNRASGVPDRFSGSGSGTDFTLKISRVEAEDVGVYYCMQALQTPITWTFGQGTKVDIK,22
195,8d36,QMQLMQSGAEVKKPGASVTVSCKASGDTFSDYRIHWVRQAPGQGLEWMGRMNPKSGDTNFAQKFQGRVTMTRDMSINTAYMTLSGLTFDDTALYYCASLLIVGGFDPLDDFEVWGQGTMVTISS:QSALTQPPSASGSPGQSVTISCSGTSSDVGGYNFVSWYQHHPGKAPKILIYEVTKRPSGVPDRFSGSKSGNTASLTVSGLQAEDEADYYCSSYGGTNNLLFGGGTKLTVL,17
