,PDB,HeavyChain
0,8coh_0.pdb,EVQLVESGGGLVQPGGSLRLSCAASGRAHSDYAMAWFRQAPGQEREFVAGIGWSGGDTLYADSVRGRFTNSRDNSKNTLYLQMNSLRAEDTAVYYCAARQGQYIYSSMRSDSYDYWGQGTLVTVSSHHHHHH
1,8e2n_0.pdb,MAEVQLVESGGGLVPAGGSLRLSCTTSERAFRSNAMGWFRQAPGKEREFVAAVSVLSWSGDSAVVADSVAGRFTIFRDNAKNTVYLQMNSLKPEDTAVYYCNGASDIGALQSGASSWSWGHGTQVTVSSGQAGQ
2,8e2n_1.pdb,MAEVQLVESGGGLVPAGGSLRLSCTTSERAFRSNAMGWFRQAPGKEREFVAAVSVLSWSGDSAVVADSVAGRFTIFRDNAKNTVYLQMNSLKPEDTAVYYCNGASDIGALQSGASSWSWGHGTQVTVSSGQ
3,8c7j_0.pdb,EVQLVESGGGLVKPGGSLRLSCAASGYTFTDNYIHWVRQAPGKGLEWIGYINPSSAYAHYNEKFKTRFTISVDKAGTCPDGYTRTNYYCRRDGCGSWCNGAERQQPCIRGPCCCDLTYRTGKNSAYLQMNSLRAEDTAVYYCTRRYYSAMPFAYWGQGTLVTVSSASTKGPSVFPLAPSSKSTSGGTAALGCLVKDYFPEPVTVSWNSGALTSGVHTFPAVLQSSGLYSLSSVVTVPSSSLGTQTYICNVNHKPSNTKVDKKVEPKSC
4,8f8v_0.pdb,QVQLQESGGGLVQAGGSLRLSCAASPGISRYKTMGWYRQAPGKERSFVAAITWGGLTYYADSVKGRFTVSRDNAKNTVYLQMNSLKPEDTAVYYCSVDGGTRADPYHYYWGQGTQVTVSS
5,8f8v_1.pdb,QVQLQESGGGLVQAGGSLRLSCAASPGISRYKTMGWYRQAPGKERSFVAAITWGGLTYYADSVKGRFTVSRDNAKNTVYLQMNSLKPEDTAVYYCSVDGGTRADPYHYYWGQGTQVTVSS
6,7t83_1.pdb,MAEVQLVESGGGLVQPGGSLRLSCAASGYIYRRYRMGWYRQAPGKGREFVAAISGGSSTNYADSVKGRFTISRDNSKNTVYLQMNSLRAEDTAVYYCAAYRIVSDPRVYWGQGTQVTVSS
7,7t83_6.pdb,MAEVQLVESGGGLVQPGGSLRLSCAASGYIYRRYRMGWYRQAPGKGREFVAAISGGSSTNYADSVKGRFTISRDNSKNTVYLQMNSLRAEDTAVYYCAAYRIVSDPRVYWGQGTQVTVSSL
8,7t84_0.pdb,MAEVQLVESGGGLVQPGGSLRLSCAASDYIYRRYRMGWYRQAPGKGREFVAAISGGSSINYADSVKGRFTISRDNSKNTVYLQMNSLRAEDTAVYYCAAYRIVSDPRVYWGQGTQVTVSS
9,7t84_1.pdb,MAEVQLVESGGGLVQPGGSLRLSCAASDYIYRRYRMGWYRQAPGKGREFVAAISGGSSINYADSVKGRFTISRDNSKNTVYLQMNSLRAEDTAVYYCAAYRIVSDPRVYWGQGTQVTVSSL
10,7t84_2.pdb,MAEVQLVESGGGLVQPGGSLRLSCAASDYIYRRYRMGWYRQAPGKGREFVAAISGGSSINYADSVKGRFTISRDNSKNTVYLQMNSLRAEDTAVYYCAAYRIVSDPRVYWGQGTQVTVSSL
11,7t84_3.pdb,MAEVQLVESGGGLVQPGGSLRLSCAASDYIYRRYRMGWYRQAPGKGREFVAAISGGSSINYADSVKGRFTISRDNSKNTVYLQMNSLRAEDTAVYYCAAYRIVSDPRVYWGQGTQVTVSS
12,8gz6_1.pdb,QVQLQESGGGLVQAGGSLRLSCAASGRTSSVYNMAWFRQTPGKEREFVAAITGNGGTTLYADSVKGRLTISRGNAKNTVSLQMNVLKPDDTAVYYCAAGGWGKERNYAYWGQGTQVTVSSHH
13,7xl0_0.pdb,EVQLVESGGGLVQPGGSLRLSCAASGSVFKINVMAWYRQAPGKGRELVAGIISGGSTSYADSVKGRFTISRDNAKNTLYLQMNSLRPEDTAVYYCAFITTESDYDLGRRYWGQGTLVTVSS
14,7xl1_1.pdb,EVQLVESGGGLVQPGGSLRLSCAASGRTSRSYGMGWYRQAPGKGRELVAGISWRGDSTGYADSVKGRFTISRDNAKNTLYLQMNSLRPEDTAVYYCAFAAGSAWYGTLYEYDYWGQGTLVTVSSA
15,7q6c_0.pdb,QVQLQESGGGLVQPGGSLRLSCAASGRTISRYAMSWFRQAPGKEREFVAVARRSGDGAFYADSVQGRFTVSRDDAKNTVYLQMNSLKPEDTAVYYCAIDSDTFYSGSYDYWGQGTQVTVSSE
